Date,Price,Open,High,Low,Change %
02/01/1975,183,179.1,189,171.3,2.81%
03/01/1975,179.5,183.3,187.5,175,-1.91%
04/01/1975,166.8,179.7,179.9,162.3,-7.08%
05/01/1975,169,167,176.9,163.4,1.32%
06/01/1975,167.8,164.5,175,160,-0.71%
07/01/1975,173.4,168.3,175.4,161.4,3.34%
08/01/1975,162.8,173.8,173.9,160.4,-6.11%
09/01/1975,142.2,152.8,156.3,129,-12.65%
10/01/1975,142.8,145,148,138.5,0.42%
11/01/1975,138.8,143.5,149.1,138.1,-2.80%
12/01/1975,141,138.8,147.9,136.7,1.59%
01/01/1976,129,140.8,141.5,123.4,-8.51%
02/01/1976,132.6,130.5,134.7,128.5,2.79%
03/01/1976,129.7,132.5,135.3,127.5,-2.19%
04/01/1976,128.9,129.7,131,126.9,-0.62%
05/01/1976,127.3,128.8,129.8,124.1,-1.24%
06/01/1976,123.9,127.8,132.5,123.5,-2.67%
07/01/1976,114.2,123.6,124.5,105,-7.83%
08/01/1976,103.2,113.7,115.2,100,-9.63%
09/01/1976,116.1,104.3,121,104.1,12.50%
10/01/1976,123.8,115.8,126,112.9,6.63%
11/01/1976,132.6,122.8,141,122.8,7.11%
12/01/1976,135.7,131.9,139.9,131.3,2.34%
01/01/1977,134,135.5,137.7,127.5,-1.25%
02/01/1977,144.6,134,145.4,132.8,7.91%
03/01/1977,151,143,154.7,142.4,4.43%
04/01/1977,148,150.5,154.7,144.8,-1.99%
05/01/1977,144.3,147.9,149.7,142,-2.50%
06/01/1977,143.6,144.8,145.6,137.6,-0.49%
07/01/1977,147.1,143.5,148,140.5,2.44%
08/01/1977,148.1,147.2,150.2,144,0.68%
09/01/1977,156.4,147.7,157.1,147.4,5.60%
10/01/1977,162.7,157.8,166.8,155.4,4.03%
11/01/1977,162.3,163.8,169.9,154.7,-0.25%
12/01/1977,167.5,162.9,167.9,157.1,3.20%
01/01/1978,178.9,169.9,179.7,165.5,6.81%
02/01/1978,184.4,179.4,185.8,173.6,3.07%
03/01/1978,186.2,184.9,192.8,176,0.98%
04/01/1978,170.6,185.7,185.9,166.8,-8.38%
05/01/1978,187,170.3,188.4,169.2,9.61%
06/01/1978,183.7,185.5,189.3,181.9,-1.76%
07/01/1978,209.8,184.5,210,183.2,14.21%
08/01/1978,210.6,214,221.5,201.5,0.38%
09/01/1978,220.9,212,224.6,207.6,4.89%
10/01/1978,240.7,220.5,249.4,220.2,8.96%
11/01/1978,196.4,230.7,230.7,192,-18.40%
12/01/1978,229,196,229.6,195.8,16.60%
01/01/1979,236.6,229.1,239.3,216.6,3.32%
02/01/1979,252.9,235,258.8,232,6.89%
03/01/1979,243.8,250.7,252.9,235,-3.60%
04/01/1979,249.2,243.8,250.7,231.8,2.21%
05/01/1979,281.1,250,282,246.1,12.80%
06/01/1979,283.8,280.5,287.5,275,0.96%
07/01/1979,297.3,284.3,318.5,282.3,4.76%
08/01/1979,326.7,299,330,288,9.89%
09/01/1979,404.5,334,409,330.5,23.81%
10/01/1979,385.7,416.5,444.5,373,-4.65%
11/01/1979,430.5,381.5,432.8,365,11.62%
12/01/1979,541,440,543,433,25.67%
01/01/1980,704,566,873,566,30.13%
02/01/1980,640,700,742.5,617,-9.09%
03/01/1980,519,643,660,453,-18.91%
04/01/1980,507,525,570,483,-2.31%
05/01/1980,555,500,562.5,482,9.47%
06/01/1980,654,580,666,560,17.84%
07/01/1980,642,670,696,604,-1.83%
08/01/1980,656,643,670.5,620,2.18%
09/01/1980,688.5,656,748.5,656,4.95%
10/01/1980,642,699,708.5,627,-6.75%
11/01/1980,644.5,640,665,593,0.39%
12/01/1980,599.5,656,658,558,-6.98%
01/01/1981,512.5,593.5,612,498,-14.51%
02/01/1981,486.5,505,530.5,485,-5.07%
03/01/1981,525.5,471,556,453,8.02%
04/01/1981,489,524,545.5,476,-6.95%
05/01/1981,492.5,488,503,464,0.72%
06/01/1981,428.5,495.5,497.5,427,-12.99%
07/01/1981,423.2,426.5,431.5,397,-1.24%
08/01/1981,443.5,411,463,405,4.80%
09/01/1981,443,441,482.5,428,-0.11%
10/01/1981,431.2,446,469,426.5,-2.66%
11/01/1981,413.3,432,436,392.5,-4.15%
12/01/1981,402.8,407,437,396.5,-2.54%
01/01/1982,391.8,399,411,369,-2.73%
02/01/1982,364.5,387,394.4,362.7,-6.97%
03/01/1982,334.2,362.5,366.5,312.5,-8.31%
04/01/1982,346.5,334.5,377.5,328.8,3.68%
05/01/1982,329,351,351,322.9,-5.05%
06/01/1982,317.8,325.5,343,297.5,-3.40%
07/01/1982,355.5,314,369.7,308.3,11.86%
08/01/1982,418.5,364.5,441,340.2,17.72%
09/01/1982,404.8,413.5,509,396,-3.27%
10/01/1982,423,408.5,465,390,4.50%
11/01/1982,449,431,449.5,398,6.15%
12/01/1982,453,446,468.8,435,0.89%
01/01/1983,518.2,455,519,449.5,14.39%
02/01/1983,423.7,517.5,520,423.7,-18.24%
03/01/1983,422,416,442,406.5,-0.40%
04/01/1983,433.5,422.5,450.8,422.5,2.73%
05/01/1983,418.5,430.7,452.5,417.8,-3.46%
06/01/1983,418.5,420,428.3,401,0.00%
07/01/1983,427.4,419.5,441.6,409.5,2.13%
08/01/1983,424.8,427,441,418.5,-0.61%
09/01/1983,407.8,426.3,429,401,-4.00%
10/01/1983,378.8,396,408.8,378,-7.11%
11/01/1983,409,377.8,414,373,7.97%
12/01/1983,388,405,410,375.5,-5.13%
01/01/1984,379.2,385.5,386.4,362.5,-2.27%
02/01/1984,398.9,384,406,379.1,5.20%
03/01/1984,394.3,398.2,410.5,385.5,-1.15%
04/01/1984,379.6,394.5,395,377.8,-3.73%
05/01/1984,393.6,379.8,395.5,370,3.69%
06/01/1984,376.1,399.3,405.3,370,-4.45%
07/01/1984,350.3,373,374.3,333,-6.86%
08/01/1984,358,350.5,369,349,2.20%
09/01/1984,351.3,350,356.5,341.6,-1.87%
10/01/1984,336,352,355.8,333.5,-4.36%
11/01/1984,333.5,335.7,353.5,325,-0.74%
12/01/1984,309.7,332.5,337,306.6,-7.14%
01/01/1985,307.4,307,311,296.7,-0.74%
02/01/1985,288.7,306,308.5,282.6,-6.08%
03/01/1985,334.1,288.7,337.2,287,15.73%
04/01/1985,316.5,324.5,338.6,315,-5.27%
05/01/1985,319.5,317.3,329.8,308.6,0.95%
06/01/1985,317.7,320.1,331.3,312.5,-0.56%
07/01/1985,335.2,317.1,337.5,308.3,5.51%
08/01/1985,339.8,332.5,350.2,326.5,1.37%
09/01/1985,327.1,335,336.5,318.2,-3.74%
10/01/1985,326.7,326,335.7,324.9,-0.12%
11/01/1985,327.3,325.7,333.4,322.1,0.18%
12/01/1985,331.1,327.8,332.4,315.5,1.16%
01/01/1986,352.9,329.8,369.5,328,6.58%
02/01/1986,341,351,357.5,331.7,-3.37%
03/01/1986,334.8,340.5,359.6,334,-1.82%
04/01/1986,348.1,336,352.5,330.8,3.97%
05/01/1986,347.1,348,348.8,337.7,-0.29%
06/01/1986,347.7,346.2,355,336.5,0.17%
07/01/1986,369.7,348.2,371.3,343.3,6.33%
08/01/1986,393.3,367,404.5,364,6.38%
09/01/1986,429.8,399,446,397.1,9.28%
10/01/1986,405.5,430.3,446.5,400,-5.65%
11/01/1986,394.8,405,413.8,376.5,-2.64%
12/01/1986,406.9,402,408,386.5,3.06%
01/01/1987,408.9,406.5,425,399,0.49%
02/01/1987,407.4,409.7,412,391.4,-0.37%
03/01/1987,422.7,406.6,429.9,403,3.76%
04/01/1987,456.5,422.5,480.5,418.5,8.00%
05/01/1987,456,455.5,481.5,445.5,-0.11%
06/01/1987,452.2,449.5,468.8,437.6,-0.83%
07/01/1987,475.1,451.5,475.7,442.5,5.06%
08/01/1987,458.7,486,490.2,456.9,-3.45%
09/01/1987,458.8,462,474.8,458,0.02%
10/01/1987,471.2,459.8,496,457.9,2.70%
11/01/1987,497.2,472.3,503,456,5.52%
12/01/1987,488.9,493.5,507.4,475,-1.67%
01/01/1988,458.5,484,488.5,454,-6.22%
02/01/1988,431.9,458.5,461.9,425.1,-5.80%
03/01/1988,457.9,430.5,463.2,425.9,6.02%
04/01/1988,452.6,461.5,464,448.2,-1.16%
05/01/1988,459.8,449.5,463,443.6,1.59%
06/01/1988,437.7,461.6,473.8,432.3,-4.81%
07/01/1988,447.3,438.5,449.3,424,2.19%
08/01/1988,439.9,447.6,448.6,433,-1.65%
09/01/1988,399.2,439,439.7,395.5,-9.25%
10/01/1988,415.1,398.8,419,398.1,3.98%
11/01/1988,429.6,413.7,429.8,412.6,3.49%
12/01/1988,412.3,429.8,438,409.5,-4.03%
01/01/1989,395.8,416.1,416.3,393.1,-4.00%
02/01/1989,390.4,396,401.2,382,-1.36%
03/01/1989,390,388.2,400.2,381.8,-0.10%
04/01/1989,380.5,390.3,396.9,379.6,-2.44%
05/01/1989,366.5,377.8,383,360.6,-3.68%
06/01/1989,377.3,366.3,384.8,360.5,2.95%
07/01/1989,378.7,379.5,390.8,369,0.37%
08/01/1989,365.4,378.5,382.5,364.6,-3.51%
09/01/1989,372,365.7,376.7,360.6,1.81%
10/01/1989,377.6,371.2,382.3,364.3,1.51%
11/01/1989,417.5,377.7,419.7,375.7,10.57%
12/01/1989,405.2,418.2,424.2,400.1,-2.95%
01/01/1990,417.8,401,427,394.5,3.11%
02/01/1990,408.9,418.8,430.3,407.5,-2.13%
03/01/1990,375,409.3,410.4,362.5,-8.29%
04/01/1990,371.4,372.3,385.4,367.7,-0.96%
05/01/1990,368.6,372.4,377.6,361,-0.75%
06/01/1990,359.9,367.5,368.9,348.2,-2.36%
07/01/1990,379.2,359.5,382.2,352,5.36%
08/01/1990,389.2,379.3,425,379.2,2.64%
09/01/1990,408.1,390.1,414.3,381.6,4.86%
10/01/1990,381.3,402.9,404,361.5,-6.57%
11/01/1990,385.7,383,393.3,376,1.15%
12/01/1990,396.2,384.9,396.5,369.1,2.72%
01/01/1991,368.5,395.1,406.9,367.8,-6.99%
02/01/1991,369,371.5,373.7,357,0.14%
03/01/1991,359.4,368.5,372.8,354.5,-2.60%
04/01/1991,357.7,359.1,368.2,352.6,-0.47%
05/01/1991,364.8,358.6,367.7,354.6,1.98%
06/01/1991,370,366.8,377.9,361.5,1.43%
07/01/1991,370.8,370.2,373.2,362.3,0.22%
08/01/1991,352.9,370.7,370.9,350.1,-4.83%
09/01/1991,357.3,351.3,359.5,346,1.25%
10/01/1991,359.5,357.1,367.4,356.7,0.62%
11/01/1991,371.1,359.5,371.2,353.6,3.23%
12/01/1991,353.9,371.6,374.9,352.3,-4.63%
01/01/1992,358.9,351.2,361.5,348.5,1.41%
02/01/1992,354.1,359.5,360.5,349.4,-1.34%
03/01/1992,345.5,351.3,353,336.3,-2.43%
04/01/1992,337.9,346,346.9,334.9,-2.20%
05/01/1992,338.4,338.1,341.7,335.1,0.15%
06/01/1992,344.4,338.7,346.9,338.2,1.77%
07/01/1992,361.4,345.1,362,344.3,4.94%
08/01/1992,345.3,360.5,360.6,335,-4.45%
09/01/1992,349.4,345.5,354.5,340.3,1.19%
10/01/1992,340.1,348.9,353.4,336.9,-2.66%
11/01/1992,335.5,339.9,340.8,328.9,-1.35%
12/01/1992,333.1,335.8,340.1,332,-0.72%
01/01/1993,330.7,329.1,333,326.3,-0.72%
02/01/1993,329.1,330.2,334.6,327.8,-0.48%
03/01/1993,339.3,329.5,341.7,325.8,3.10%
04/01/1993,357.2,338.6,358.5,336,5.28%
05/01/1993,380.3,358.8,386.5,354.3,6.47%
06/01/1993,379.2,379.7,381,361.7,-0.29%
07/01/1993,411.3,378.9,411.7,378.1,8.47%
08/01/1993,375.7,410.4,414,367,-8.66%
09/01/1993,357.1,374.4,375,343,-4.95%
10/01/1993,369.6,356.4,376.7,350,3.50%
11/01/1993,371.9,368.6,381.2,360.7,0.62%
12/01/1993,391.9,371.4,393.9,370.4,5.38%
01/01/1994,383.6,391.9,397.8,377.2,-2.12%
02/01/1994,382.5,383.6,392.3,375.7,-0.29%
03/01/1994,394.3,381.8,396.5,374,3.08%
04/01/1994,377.8,394.7,395.8,369.5,-4.18%
05/01/1994,390,377.7,391.4,373.1,3.23%
06/01/1994,387.3,390.4,397.9,380.4,-0.69%
07/01/1994,389.2,386.8,394.1,382,0.49%
08/01/1994,390.8,390.1,394,380.2,0.41%
09/01/1994,397.6,390.5,401.9,389.9,1.74%
10/01/1994,384.9,396.2,399.8,383.7,-3.19%
11/01/1994,384.5,384.7,387.9,382.4,-0.10%
12/01/1994,384.4,383.7,386.8,377.7,-0.03%
01/01/1995,377.7,382.4,386,372,-1.74%
02/01/1995,378.3,378.7,382.4,376.3,0.16%
03/01/1995,394.3,377.4,402,374.5,4.23%
04/01/1995,388.5,395.2,400.8,387.3,-1.47%
05/01/1995,387.6,389.9,393.9,381.5,-0.23%
06/01/1995,385.6,386.6,395,384.2,-0.52%
07/01/1995,388.4,385.2,396.3,383,0.73%
08/01/1995,386.9,388.2,396,385.4,-0.39%
09/01/1995,386.5,386.4,390.6,383.1,-0.10%
10/01/1995,384.3,385.9,388.7,382.6,-0.57%
11/01/1995,388.6,384.1,391.5,381.5,1.12%
12/01/1995,388.1,387.6,392.4,386.7,-0.13%
01/01/1996,408.5,392,410.4,388,5.26%
02/01/1996,401.2,409.2,419.6,397.5,-1.79%
03/01/1996,398.4,401.1,402.5,392.3,-0.70%
04/01/1996,393.5,398.1,401,391.5,-1.23%
05/01/1996,394.4,393.5,398,389.8,0.23%
06/01/1996,381.6,394.3,394.3,381.5,-3.25%
07/01/1996,393.1,382.3,393.3,381.5,3.01%
08/01/1996,391.3,392.9,396.2,390,-0.46%
09/01/1996,380.5,391.5,391.5,380.1,-2.76%
10/01/1996,379.1,380.8,386.5,378.5,-0.37%
11/01/1996,373,378.8,385.8,372.5,-1.61%
12/01/1996,369.2,373.9,376.1,367.7,-1.02%
01/01/1997,346,369.2,369.4,345.4,-6.28%
02/01/1997,365.1,346.3,365.5,338.5,5.52%
03/01/1997,354,365.1,366,346.3,-3.04%
04/01/1997,341.2,354.3,355.1,339.5,-3.62%
05/01/1997,347.5,341.1,352.2,340.4,1.85%
06/01/1997,335.3,347.3,347.6,334.6,-3.51%
07/01/1997,328.6,334.9,335.8,314.6,-2.00%
08/01/1997,327.4,328.9,333.4,321,-0.37%
09/01/1997,336.9,327,337.9,321,2.90%
10/01/1997,312.1,336.6,342.1,308,-7.36%
11/01/1997,296.9,312.1,316.9,295.1,-4.87%
12/01/1997,289.9,298.5,299.1,283.3,-2.36%
01/01/1998,304.6,289.4,309,277.5,5.07%
02/01/1998,300.1,304.6,310,291.8,-1.48%
03/01/1998,303.3,300,306.8,287.3,1.07%
04/01/1998,307.9,303.3,317,301.2,1.52%
05/01/1998,295.1,308,308.5,290.6,-4.16%
06/01/1998,298.1,295.4,301.6,285.6,1.02%
07/01/1998,290.5,297.8,299.7,289.1,-2.55%
08/01/1998,278.9,291,294.8,273.8,-3.99%
09/01/1998,299,279.3,302.2,279.3,7.21%
10/01/1998,293.7,299.1,306.9,292,-1.77%
11/01/1998,295.1,294,299.1,288.7,0.48%
12/01/1998,289.2,295,299.5,286.5,-2.00%
01/01/1999,288.2,289.6,294.3,282.5,-0.35%
02/01/1999,288.3,288.5,292.6,285,0.03%
03/01/1999,281.9,288,296.5,278.5,-2.22%
04/01/1999,287.8,281.9,289,279.1,2.09%
05/01/1999,272,287.9,291.2,267.9,-5.49%
06/01/1999,263.6,271.5,272,258.5,-3.09%
07/01/1999,258.8,263.5,264.7,253.2,-1.82%
08/01/1999,257.3,258.8,264.7,253.8,-0.58%
09/01/1999,299.5,257.5,329,254.8,16.40%
10/01/1999,300.3,299.1,339,287.6,0.27%
11/01/1999,293,299.7,300.4,288,-2.43%
12/01/1999,289.6,293,294,276.2,-1.16%
01/01/2000,286.2,289.5,291.8,280,-1.17%
02/01/2000,294.2,286,326.9,285,2.80%
03/01/2000,281.4,294.2,296.2,274.8,-4.35%
04/01/2000,274.7,281.5,291.5,274,-2.38%
05/01/2000,274.8,274.8,284,269.5,0.04%
06/01/2000,291.5,275.4,296.5,274.8,6.08%
07/01/2000,283.2,289.7,289.7,277.7,-2.85%
08/01/2000,282.1,283.4,285,275.3,-0.39%
09/01/2000,276.9,281.9,282.5,271.7,-1.84%
10/01/2000,266.4,277.3,279.9,263.5,-3.79%
11/01/2000,273.3,266.5,273.5,264.5,2.59%
12/01/2000,273.6,273.2,278.5,270.3,0.11%
01/01/2001,268,273.8,275,262,-2.05%
02/01/2001,267.8,267.8,270.9,255.1,-0.07%
03/01/2001,259.2,267.7,274.7,258,-3.21%
04/01/2001,264.4,259.1,267.5,255.8,2.01%
05/01/2001,266.9,264.3,298.6,264.1,0.95%
06/01/2001,271.3,266.8,279.8,265.5,1.65%
07/01/2001,269.2,271.5,272.1,264.8,-0.77%
08/01/2001,276.5,269.2,283.8,268.4,2.71%
09/01/2001,294,276.1,300,272.7,6.33%
10/01/2001,280.5,293.7,295.9,275.5,-4.59%
11/01/2001,274.9,280.5,282.5,271.9,-2.00%
12/01/2001,279,275.2,281.4,271.7,1.49%
01/01/2002,282.9,279.5,289.9,277.2,1.40%
02/01/2002,297.1,283,309.4,282.4,5.02%
03/01/2002,303.7,297.4,305.8,288.3,2.22%
04/01/2002,309.2,304,312.9,298,1.81%
05/01/2002,327.5,309.1,330.2,306.5,5.92%
06/01/2002,313.9,327.5,331.5,310.5,-4.15%
07/01/2002,305.2,314.5,326.1,300.5,-2.77%
08/01/2002,313.9,305.2,319.7,300.3,2.85%
09/01/2002,325.2,313.8,329.3,312.6,3.60%
10/01/2002,318.4,324.3,325.5,309.1,-2.09%
11/01/2002,316.8,318.3,325.4,316.5,-0.50%
12/01/2002,348.2,319.1,355.7,316.6,9.91%
01/01/2003,369.1,347.6,373.7,342.8,6.00%
02/01/2003,350.3,368.9,390.8,342.4,-5.09%
03/01/2003,336.9,349.8,358.8,325.8,-3.83%
04/01/2003,339.4,335.7,340.4,319.8,0.74%
05/01/2003,365.6,339.2,374.9,338.5,7.72%
06/01/2003,346.3,364,370.5,343.3,-5.28%
07/01/2003,355.8,346.4,367.7,340.6,2.74%
08/01/2003,376.8,356,379,346,5.90%
09/01/2003,386.1,376.8,394.8,370.7,2.47%
10/01/2003,384.6,385.9,393,366.5,-0.39%
11/01/2003,396.8,384.7,402,376.5,3.17%
12/01/2003,416.1,398.9,418.4,397.8,4.86%
01/01/2004,402.9,416.8,431.5,397.5,-3.17%
02/01/2004,396.8,403.1,418,391,-1.51%
03/01/2004,428.3,397.5,428.5,388.2,7.94%
04/01/2004,387.5,427.5,433,377,-9.53%
05/01/2004,394.9,388.9,398,371.3,1.91%
06/01/2004,393,396,405.6,382.5,-0.48%
07/01/2004,393.7,393.3,409.6,385.5,0.18%
08/01/2004,412.4,395,416.8,391.2,4.75%
09/01/2004,420.4,412.1,420.8,396.9,1.94%
10/01/2004,429.4,420.4,432,410.5,2.14%
11/01/2004,453.2,430.5,457,418,5.54%
12/01/2004,438.4,453.4,458.7,432.9,-3.27%
01/01/2005,424.1,438.9,438.9,417.2,-3.26%
02/01/2005,437.6,424.3,439.3,411.5,3.18%
03/01/2005,431.1,437.5,448,423.4,-1.49%
04/01/2005,436.1,431.1,439.1,423.5,1.16%
05/01/2005,418.9,435.7,436,415.8,-3.94%
06/01/2005,437.1,418.7,445.4,416.7,4.34%
07/01/2005,435.8,436.5,438.2,418.2,-0.30%
08/01/2005,438.1,435.4,455.3,433.5,0.53%
09/01/2005,472.3,438.4,479,438.3,7.81%
10/01/2005,466.9,471.5,483.1,462,-1.14%
11/01/2005,498.7,466.5,506.7,456.1,6.81%
12/01/2005,519.7,498,544.5,492.2,4.21%
01/01/2006,575.5,519.9,577.3,517.6,10.74%
02/01/2006,563.9,575.1,579.5,537.8,-2.02%
03/01/2006,586.7,563.1,594.6,534.5,4.04%
04/01/2006,654.5,587.8,658.2,586.3,11.56%
05/01/2006,649,656.8,732,636.5,-0.84%
06/01/2006,616,649.8,651.3,546.4,-5.08%
07/01/2006,646.8,627,677.5,602.5,5.00%
08/01/2006,634.2,646.5,668.2,615.5,-1.95%
09/01/2006,604.2,633.6,648.7,576.5,-4.73%
10/01/2006,606.8,606.2,613.2,563,0.43%
11/01/2006,652.9,607.5,654.5,607.5,7.60%
12/01/2006,638,655,655.8,615,-2.28%
01/01/2007,657.9,639.2,660.7,603,3.12%
02/01/2007,672.5,658.5,692.5,648,2.22%
03/01/2007,669,672.8,680.2,634.5,-0.52%
04/01/2007,683.5,671.1,698,661.7,2.17%
05/01/2007,666.7,681.2,693.3,651.5,-2.46%
06/01/2007,650.9,666.5,679.5,641.1,-2.37%
07/01/2007,679.3,651.6,688.4,646.7,4.36%
08/01/2007,681.9,675.3,688.1,651.6,0.38%
09/01/2007,750,681.9,752.8,680.1,9.99%
10/01/2007,795.3,750.6,800.8,726.3,6.04%
11/01/2007,789.1,799.4,848,773.4,-0.78%
12/01/2007,838,789.4,847.4,783,6.20%
01/01/2008,928,837.5,942.2,837.5,10.74%
02/01/2008,975,929.8,978.5,888.4,5.06%
03/01/2008,921.5,975.6,"1,033.90",904.7,-5.49%
04/01/2008,865.1,920.5,956.2,864.1,-6.12%
05/01/2008,891.5,879,935.4,846.4,3.05%
06/01/2008,928.3,891.3,937.7,859.6,4.13%
07/01/2008,922.7,928,989.6,902.7,-0.60%
08/01/2008,835.2,922.9,926,777.7,-9.48%
09/01/2008,880.8,842.2,932,739.8,5.46%
10/01/2008,718.2,876.9,936.3,681,-18.46%
11/01/2008,819,727,833.5,698.2,14.04%
12/01/2008,884.3,819,892,741.2,7.97%
01/01/2009,928.4,883,931.3,801.5,4.99%
02/01/2009,942.5,924.6,"1,007.70",890.3,1.52%
03/01/2009,925,940.3,967.8,882.7,-1.86%
04/01/2009,891.2,920,935.8,865,-3.65%
05/01/2009,980.3,888.9,982,880.5,10.00%
06/01/2009,927.4,981,992.1,913.2,-5.40%
07/01/2009,955.8,926.1,960,904.8,3.06%
08/01/2009,953.5,954.5,974.3,931.3,-0.24%
09/01/2009,"1,009.30",952,"1,025.80",947.5,5.85%
10/01/2009,"1,040.40","1,008.30","1,072.00",987,3.08%
11/01/2009,"1,182.30","1,043.40","1,196.80","1,042.20",13.64%
12/01/2009,"1,096.20","1,181.40","1,227.50","1,075.20",-7.28%
01/01/2010,"1,083.80","1,099.00","1,163.00","1,074.40",-1.13%
02/01/2010,"1,118.90","1,081.90","1,131.50","1,044.50",3.24%
03/01/2010,"1,114.50","1,119.00","1,145.80","1,084.80",-0.39%
04/01/2010,"1,180.70","1,114.60","1,182.50","1,112.30",5.94%
05/01/2010,"1,215.00","1,181.00","1,249.70","1,156.20",2.91%
06/01/2010,"1,245.90","1,216.70","1,266.50","1,198.10",2.54%
07/01/2010,"1,183.90","1,243.00","1,244.80","1,155.60",-4.98%
08/01/2010,"1,250.30","1,183.80","1,251.80","1,176.70",5.61%
09/01/2010,"1,309.60","1,250.30","1,317.50","1,237.90",4.74%
10/01/2010,"1,357.60","1,309.60","1,388.10","1,307.30",3.67%
11/01/2010,"1,386.10","1,359.70","1,424.30","1,325.50",2.10%
12/01/2010,"1,421.40","1,387.70","1,432.50","1,361.60",2.55%
01/01/2011,"1,334.50","1,420.40","1,424.40","1,309.10",-6.11%
02/01/2011,"1,409.90","1,334.00","1,418.80","1,325.40",5.65%
03/01/2011,"1,439.90","1,411.60","1,448.60","1,380.70",2.13%
04/01/2011,"1,556.40","1,433.80","1,569.80","1,413.50",8.09%
05/01/2011,"1,536.80","1,566.80","1,577.40","1,462.50",-1.26%
06/01/2011,"1,502.80","1,536.60","1,559.30","1,490.80",-2.21%
07/01/2011,"1,631.20","1,501.50","1,637.50","1,478.30",8.54%
08/01/2011,"1,831.70","1,622.20","1,917.90","1,608.20",12.29%
09/01/2011,"1,622.30","1,826.20","1,923.70","1,535.00",-11.43%
10/01/2011,"1,725.20","1,625.10","1,754.00","1,596.60",6.34%
11/01/2011,"1,750.30","1,715.70","1,804.40","1,667.10",1.45%
12/01/2011,"1,566.80","1,752.50","1,767.10","1,523.90",-10.48%
01/01/2012,"1,740.40","1,571.00","1,750.60","1,566.80",11.08%
02/01/2012,"1,711.30","1,739.80","1,792.70","1,688.40",-1.67%
03/01/2012,"1,671.90","1,695.60","1,727.30","1,627.50",-2.30%
04/01/2012,"1,664.20","1,671.50","1,685.40","1,613.00",-0.46%
05/01/2012,"1,564.20","1,666.10","1,672.30","1,526.70",-6.01%
06/01/2012,"1,604.20","1,561.80","1,642.40","1,545.50",2.56%
07/01/2012,"1,614.60","1,599.60","1,633.30","1,554.40",0.65%
08/01/2012,"1,687.60","1,617.50","1,695.50","1,586.30",4.52%
09/01/2012,"1,773.90","1,693.40","1,790.00","1,687.60",5.11%
10/01/2012,"1,719.10","1,773.70","1,798.10","1,698.70",-3.09%
11/01/2012,"1,712.70","1,720.40","1,755.00","1,672.50",-0.37%
12/01/2012,"1,675.80","1,715.50","1,725.00","1,636.00",-2.15%
01/01/2013,"1,662.00","1,676.40","1,697.80","1,626.00",-0.82%
02/01/2013,"1,578.10","1,665.20","1,687.00","1,554.30",-5.05%
03/01/2013,"1,595.70","1,578.50","1,616.50","1,560.40",1.12%
04/01/2013,"1,472.10","1,598.10","1,604.30","1,321.50",-7.75%
05/01/2013,"1,393.00","1,475.60","1,487.20","1,336.30",-5.37%
06/01/2013,"1,223.70","1,388.80","1,423.30","1,179.40",-12.15%
07/01/2013,"1,313.00","1,232.90","1,348.70","1,206.90",7.30%
08/01/2013,"1,396.10","1,323.40","1,434.00","1,271.80",6.33%
09/01/2013,"1,327.00","1,394.00","1,416.40","1,291.50",-4.95%
10/01/2013,"1,323.70","1,328.20","1,361.80","1,251.00",-0.25%
11/01/2013,"1,250.40","1,323.10","1,327.30","1,225.70",-5.54%
12/01/2013,"1,202.30","1,250.60","1,267.50","1,181.40",-3.85%
01/01/2014,"1,239.80","1,204.50","1,279.80","1,202.50",3.12%
02/01/2014,"1,321.60","1,242.00","1,345.60","1,240.40",6.60%
03/01/2014,"1,283.80","1,332.40","1,392.60","1,282.70",-2.86%
04/01/2014,"1,295.90","1,284.60","1,331.40","1,268.40",0.94%
05/01/2014,"1,246.00","1,291.90","1,315.80","1,242.20",-3.85%
06/01/2014,"1,322.00","1,250.50","1,330.40","1,240.20",6.10%
07/01/2014,"1,282.80","1,327.50","1,346.80","1,281.30",-2.97%
08/01/2014,"1,287.40","1,284.20","1,324.30","1,273.40",0.36%
09/01/2014,"1,211.60","1,288.50","1,290.90","1,204.30",-5.89%
10/01/2014,"1,171.60","1,209.40","1,255.60","1,160.50",-3.30%
11/01/2014,"1,175.50","1,171.10","1,207.60","1,130.40",0.33%
12/01/2014,"1,184.10","1,159.40","1,239.00","1,141.70",0.73%
01/01/2015,"1,279.20","1,184.00","1,307.80","1,167.30",8.03%
02/01/2015,"1,213.10","1,283.00","1,286.50","1,190.00",-5.17%
03/01/2015,"1,183.20","1,213.80","1,223.00","1,141.60",-2.46%
04/01/2015,"1,182.40","1,183.20","1,224.50","1,174.10",-0.07%
05/01/2015,"1,189.80","1,183.70","1,232.00","1,168.40",0.63%
06/01/2015,"1,171.80","1,189.80","1,205.70","1,162.10",-1.51%
07/01/2015,"1,095.10","1,172.40","1,174.40","1,072.30",-6.55%
08/01/2015,"1,132.50","1,095.10","1,169.80","1,080.20",3.42%
09/01/2015,"1,115.20","1,133.80","1,156.40","1,097.70",-1.53%
10/01/2015,"1,141.40","1,114.50","1,191.70","1,103.80",2.35%
11/01/2015,"1,065.30","1,141.30","1,142.70","1,051.60",-6.67%
12/01/2015,"1,060.20","1,064.60","1,088.30","1,045.40",-0.48%
01/01/2016,"1,116.40","1,061.50","1,128.00","1,061.00",5.30%
02/01/2016,"1,234.40","1,118.00","1,263.90","1,115.30",10.57%
03/01/2016,"1,235.60","1,238.90","1,287.80","1,206.00",0.10%
04/01/2016,"1,290.50","1,234.10","1,299.00","1,210.30",4.44%
05/01/2016,"1,217.50","1,293.20","1,306.00","1,201.50",-5.66%
06/01/2016,"1,320.60","1,217.90","1,362.60","1,208.20",8.47%
07/01/2016,"1,357.50","1,324.80","1,377.50","1,310.70",2.79%
08/01/2016,"1,311.40","1,357.20","1,374.20","1,306.90",-3.40%
09/01/2016,"1,317.10","1,311.70","1,357.60","1,305.50",0.43%
10/01/2016,"1,273.10","1,321.00","1,322.60","1,243.20",-3.34%
11/01/2016,"1,173.90","1,277.80","1,338.30","1,170.30",-7.79%
12/01/2016,"1,151.70","1,175.10","1,190.20","1,124.30",-1.89%
01/01/2017,"1,211.40","1,151.40","1,220.10","1,146.50",5.18%
02/01/2017,"1,253.90","1,212.20","1,264.90","1,199.70",3.51%
03/01/2017,"1,251.20","1,248.50","1,261.00","1,194.50",-0.22%
04/01/2017,"1,268.30","1,251.90","1,297.40","1,245.40",1.37%
05/01/2017,"1,275.40","1,269.60","1,276.80","1,214.30",0.56%
06/01/2017,"1,242.30","1,271.60","1,298.80","1,236.50",-2.60%
07/01/2017,"1,273.40","1,241.70","1,277.30","1,204.00",2.50%
08/01/2017,"1,322.20","1,275.60","1,331.90","1,257.10",3.83%
09/01/2017,"1,284.80","1,326.90","1,362.40","1,278.20",-2.83%
10/01/2017,"1,270.50","1,282.20","1,308.40","1,262.80",-1.11%
11/01/2017,"1,276.70","1,271.80","1,300.40","1,265.90",0.49%
12/01/2017,"1,309.30","1,277.90","1,309.80","1,238.30",2.55%
01/01/2018,"1,343.10","1,305.30","1,365.40","1,304.60",2.58%
02/01/2018,"1,317.90","1,348.20","1,364.40","1,309.00",-1.88%
03/01/2018,"1,327.30","1,319.30","1,356.80","1,303.60",0.71%
04/01/2018,"1,319.20","1,330.70","1,369.40","1,310.70",-0.61%
05/01/2018,"1,304.70","1,316.00","1,326.30","1,281.20",-1.10%
06/01/2018,"1,254.50","1,303.00","1,313.00","1,246.90",-3.85%
07/01/2018,"1,233.60","1,253.40","1,266.90","1,210.70",-1.67%
08/01/2018,"1,206.70","1,232.70","1,233.70","1,167.10",-2.18%
09/01/2018,"1,196.20","1,207.00","1,218.00","1,184.30",-0.87%
10/01/2018,"1,215.00","1,196.10","1,246.00","1,186.00",1.57%
11/01/2018,"1,226.00","1,216.60","1,239.30","1,196.60",0.91%
12/01/2018,"1,281.30","1,228.60","1,286.50","1,228.50",4.51%
01/01/2019,"1,325.20","1,285.00","1,331.10","1,275.30",3.43%
02/01/2019,"1,316.10","1,323.00","1,349.80","1,304.70",-0.69%
03/01/2019,"1,298.50","1,315.90","1,324.50","1,280.80",-1.34%
04/01/2019,"1,285.70","1,295.90","1,314.70","1,267.90",-0.99%
05/01/2019,"1,311.10","1,284.20","1,311.90","1,267.30",1.98%
06/01/2019,"1,413.70","1,312.50","1,442.90","1,310.90",7.83%
07/01/2019,"1,437.80","1,401.80","1,454.40","1,384.70",1.70%
08/01/2019,"1,529.40","1,425.60","1,565.00","1,412.10",6.37%
09/01/2019,"1,472.90","1,535.20","1,566.20","1,470.50",-3.69%
10/01/2019,"1,514.80","1,478.00","1,525.80","1,465.00",2.84%
11/01/2019,"1,472.70","1,515.10","1,519.00","1,446.20",-2.78%
12/01/2019,"1,523.10","1,470.30","1,529.00","1,459.80",3.42%
01/01/2020,"1,587.90","1,521.00","1,613.30","1,519.70",4.25%
02/01/2020,"1,566.70","1,597.80","1,691.70","1,551.10",-1.34%
03/01/2020,"1,596.60","1,592.80","1,704.30","1,450.90",1.91%
04/01/2020,"1,694.20","1,589.40","1,788.80","1,576.00",6.11%
05/01/2020,"1,751.70","1,693.50","1,775.80","1,676.00",3.39%
06/01/2020,"1,800.50","1,749.80","1,804.00","1,671.70",2.79%
07/01/2020,"1,985.90","1,798.90","2,005.40","1,766.30",10.30%
08/01/2020,"1,978.60","1,997.40","2,089.20","1,874.20",-0.37%
09/01/2020,"1,895.50","1,973.70","2,001.20","1,851.00",-4.20%
10/01/2020,"1,879.90","1,891.20","1,939.40","1,859.20",-0.82%
11/01/2020,"1,780.90","1,877.00","1,966.10","1,767.20",-5.27%
12/01/2020,"1,895.10","1,780.30","1,912.00","1,778.40",6.41%
01/01/2021,"1,850.30","1,908.20","1,962.50","1,800.80",-2.36%
02/01/2021,"1,728.80","1,865.00","1,876.00","1,714.90",-6.57%
03/01/2021,"1,715.60","1,732.80","1,757.40","1,673.30",-0.76%
04/01/2021,"1,767.70","1,709.00","1,798.40","1,706.40",3.04%
05/01/2021,"1,905.30","1,768.10","1,913.30","1,765.60",7.78%
06/01/2021,"1,771.60","1,906.80","1,919.20","1,750.10",-7.02%
07/01/2021,"1,817.20","1,770.80","1,837.50","1,765.90",2.57%
08/01/2021,"1,818.10","1,817.00","1,835.90","1,677.90",0.05%
09/01/2021,"1,757.00","1,816.70","1,836.90","1,721.10",-3.36%
10/01/2021,"1,783.90","1,757.20","1,815.50","1,745.40",1.53%
11/01/2021,"1,776.50","1,785.30","1,879.50","1,758.50",-0.41%
12/01/2021,"1,828.60","1,777.40","1,831.40","1,753.00",2.93%
01/01/2022,"1,796.40","1,830.10","1,854.20","1,780.60",-1.76%
02/01/2022,"1,900.70","1,798.90","1,976.50","1,788.50",5.81%
03/01/2022,"1,954.00","1,908.40","2,078.80","1,888.30",2.80%
04/01/2022,"1,911.70","1,942.40","2,003.00","1,870.90",-2.16%
05/01/2022,"1,848.40","1,896.20","1,910.70","1,785.00",-3.31%
06/01/2022,"1,807.30","1,840.00","1,882.50","1,802.50",-2.22%
07/01/2022,"1,781.80","1,814.80","1,823.90","1,686.30",-1.41%
08/01/2022,"1,726.20","1,782.50","1,824.60","1,720.60",-3.12%
09/01/2022,"1,684.90","1,723.00","1,746.40","1,622.20",-2.39%
10/01/2022,"1,654.90","1,682.40","1,751.60","1,635.00",-1.78%
11/01/2022,"1,775.10","1,649.90","1,806.00","1,632.40",7.26%
12/01/2022,"1,842.20","1,798.00","1,857.00","1,793.60",3.78%
01/01/2023,"1,962.20","1,847.20","1,966.60","1,846.10",6.51%
02/01/2023,"1,853.20","1,959.70","1,992.10","1,827.60",-5.55%
03/01/2023,"2,004.10","1,865.40","2,047.90","1,848.60",8.14%
04/01/2023,"2,018.30","2,007.50","2,080.80","1,984.50",0.71%
05/01/2023,"1,982.10","2,019.10","2,102.20","1,949.60",-1.79%
06/01/2023,"1,929.40","1,981.30","2,000.70","1,900.60",-2.66%
07/01/2023,"2,009.20","1,945.40","2,010.90","1,927.60",4.14%
08/01/2023,"1,965.90","2,004.20","2,004.40","1,913.60",-2.16%
09/01/2023,"1,885.40","1,966.40","1,980.20","1,881.50",-4.09%
10/01/2023,"1,994.30","1,864.40","2,019.70","1,823.50",5.78%
11/01/2023,"2,038.10","1,993.30","2,052.10","1,935.60",2.20%
12/01/2023,"2,071.80","2,049.00","2,140.70","1,979.00",1.65%
01/01/2024,"2,057.40","2,072.70","2,088.10","2,004.00",-0.70%
02/01/2024,"2,054.70","2,047.70","2,072.90","1,987.20",-0.13%
03/01/2024,"2,227.10","2,052.80","2,243.50","2,047.00",8.39%
04/01/2024,"2,302.90","2,243.50","2,436.60","2,238.50",3.40%
05/01/2024,"2,333.90","2,298.20","2,454.20","2,285.20",1.35%
06/01/2024,"2,350.90","2,348.00","2,406.70","2,304.20",0.73%
07/01/2024,"2,449.30","2,355.20","2,500.50","2,344.40",4.19%
08/01/2024,"2,516.00","2,469.60","2,546.80","2,382.80",2.72%
09/01/2024,"2,647.90","2,509.00","2,684.00","2,479.80",5.24%
10/01/2024,"2,761.60","2,656.10","2,813.10","2,618.80",4.29%
11/01/2024,"2,681.00","2,766.90","2,782.80","2,560.80",-2.92%
12/01/2024,"2,641.00","2,663.70","2,743.80","2,585.90",-1.49%
01/01/2025,"2,822.90","2,641.00","2,850.50","2,624.60",6.89%
02/01/2025,"2,848.50","2,839.10","2,960.20","2,790.80",0.91%
03/01/2025,"2,947.72","2,867.85","2,956.02","2,867.40",3.48%
