date,close
2013-04-01,"16,775"
2013-04-02,"16,840"
2013-04-03,"17,110"
2013-04-04,"16,970"
2013-04-05,"16,610"
2013-04-08,"16,410"
2013-04-09,"16,405"
2013-04-10,"16,490"
2013-04-11,"16,860"
2013-04-12,"16,790"
2013-04-15,"16,900"
2013-04-16,"16,965"
2013-04-17,"17,050"
2013-04-18,"16,705"
2013-04-19,"16,645"
2013-04-22,"17,010"
2013-04-23,"17,090"
2013-04-24,"17,160"
2013-04-25,"17,075"
2013-04-26,"17,190"
2013-04-29,"17,165"
2013-04-30,"17,300"
2013-05-02,"17,030"
2013-05-03,"17,280"
2013-05-06,"17,080"
2013-05-07,"17,070"
2013-05-08,"17,070"
2013-05-09,"17,290"
2013-05-10,"17,015"
2013-05-13,"17,100"
2013-05-14,"17,200"
2013-05-15,"17,255"
2013-05-16,"17,450"
2013-05-20,"17,430"
2013-05-21,"17,640"
2013-05-22,"17,820"
2013-05-23,"17,900"
2013-05-24,"18,020"
2013-05-27,"18,050"
2013-05-28,"18,200"
2013-05-29,"18,300"
2013-05-30,"18,145"
2013-05-31,"18,245"
2013-06-03,"17,975"
2013-06-04,"18,135"
2013-06-05,"17,760"
2013-06-07,"17,210"
2013-06-10,"17,655"
2013-06-11,"17,470"
2013-06-12,"17,455"
2013-06-13,"17,270"
2013-06-14,"17,020"
2013-06-17,"16,585"
2013-06-18,"17,100"
2013-06-19,"17,140"
2013-06-20,"16,900"
2013-06-21,"16,770"
2013-06-24,"16,340"
2013-06-25,"15,750"
2013-06-26,"15,860"
2013-06-27,"16,480"
2013-06-28,"16,620"
2013-07-01,"16,680"
2013-07-02,"16,170"
2013-07-03,"16,015"
2013-07-04,"16,035"
2013-07-05,"15,800"
2013-07-08,"15,375"
2013-07-09,"15,700"
2013-07-10,"15,535"
2013-07-11,"16,085"
2013-07-12,"16,155"
2013-07-15,"16,220"
2013-07-16,"16,305"
2013-07-17,"16,410"
2013-07-18,"16,430"
2013-07-19,"16,330"
2013-07-22,"16,130"
2013-07-23,"16,210"
2013-07-24,"16,345"
2013-07-25,"16,385"
2013-07-26,"16,315"
2013-07-29,"16,110"
2013-07-30,"16,215"
2013-07-31,"16,320"
2013-08-01,"16,330"
2013-08-02,"16,355"
2013-08-05,"16,365"
2013-08-06,"16,105"
2013-08-07,"15,945"
2013-08-08,"15,830"
2013-08-09,"15,930"
2013-08-12,"15,945"
2013-08-13,"16,500"
2013-08-14,"16,845"
2013-08-16,"16,750"
2013-08-19,"16,665"
2013-08-20,"16,490"
2013-08-21,"16,310"
2013-08-22,"16,010"
2013-08-23,"16,450"
2013-08-26,"16,410"
2013-08-27,"16,180"
2013-08-28,"16,040"
2013-08-29,"16,210"
2013-08-30,"16,410"
2013-09-02,"16,430"
2013-09-03,"16,340"
2013-09-04,"16,430"
2013-09-05,"16,490"
2013-09-06,"16,290"
2013-09-09,"16,385"
2013-09-10,"16,505"
2013-09-11,"16,570"
2013-09-12,"16,600"
2013-09-13,"16,690"
2013-09-16,"16,750"
2013-09-17,"16,795"
2013-09-23,"16,855"
2013-09-24,"16,930"
2013-09-25,"16,750"
2013-09-26,"16,930"
2013-09-27,"17,075"
2013-09-30,"17,075"
2013-10-01,"16,950"
2013-10-02,"17,315"
2013-10-04,"17,580"
2013-10-07,"17,620"
2013-10-08,"17,525"
2013-10-10,"17,640"
2013-10-11,"17,845"
2013-10-14,"17,820"
2013-10-15,"17,850"
2013-10-16,"17,850"
2013-10-17,"17,800"
2013-10-18,"17,925"
2013-10-21,"17,895"
2013-10-22,"17,695"
2013-10-23,"17,410"
2013-10-24,"17,545"
2013-10-25,"17,610"
2013-10-28,"17,765"
2013-10-29,"17,595"
2013-10-30,"17,840"
2013-10-31,"17,645"
2013-11-01,"17,885"
2013-11-04,"17,865"
2013-11-05,"17,515"
2013-11-06,"17,255"
2013-11-07,"17,190"
2013-11-08,"16,895"
2013-11-11,"16,600"
2013-11-12,"16,970"
2013-11-13,"16,750"
2013-11-14,"16,900"
2013-11-15,"17,310"
2013-11-18,"17,340"
2013-11-19,"17,270"
2013-11-20,"16,895"
2013-11-21,"16,810"
2013-11-22,"16,845"
2013-11-25,"17,150"
2013-11-26,"17,260"
2013-11-27,"17,380"
2013-11-28,"17,610"
2013-11-29,"17,690"
2013-12-02,"17,545"
2013-12-03,"17,225"
2013-12-04,"17,130"
2013-12-05,"17,060"
2013-12-06,"17,220"
2013-12-09,"17,340"
2013-12-10,"17,280"
2013-12-11,"17,160"
2013-12-12,"17,080"
2013-12-13,"17,045"
2013-12-16,"17,035"
2013-12-17,"16,935"
2013-12-18,"16,890"
2013-12-19,"16,750"
2013-12-20,"16,845"
2013-12-23,"17,140"
2013-12-24,"17,030"
2013-12-26,"16,840"
2013-12-27,"17,190"
2013-12-30,"17,290"
2014-01-02,"16,785"
2014-01-03,"17,070"
2014-01-06,"17,340"
2014-01-07,"17,370"
2014-01-08,"17,580"
2014-01-09,"17,670"
2014-01-10,"17,495"
2014-01-13,"17,420"
2014-01-14,"17,405"
2014-01-15,"17,340"
2014-01-16,"17,345"
2014-01-17,"17,320"
2014-01-20,"17,675"
2014-01-21,"17,645"
2014-01-22,"17,790"
2014-01-23,"17,645"
2014-01-24,"17,705"
2014-01-27,"17,255"
2014-01-28,"17,490"
2014-01-29,"17,770"
2014-02-03,"17,765"
2014-02-04,"17,285"
2014-02-05,"17,300"
2014-02-06,"17,660"
2014-02-07,"17,810"
2014-02-10,"17,810"
2014-02-11,"17,935"
2014-02-12,"17,975"
2014-02-13,"17,960"
2014-02-14,"17,925"
2014-02-17,"17,905"
2014-02-18,"17,970"
2014-02-19,"18,035"
2014-02-20,"17,885"
2014-02-21,"18,180"
2014-02-24,"18,090"
2014-02-25,"18,075"
2014-02-26,"18,230"
2014-02-27,"18,150"
2014-02-28,"18,175"
2014-03-03,"18,040"
2014-03-04,"18,130"
2014-03-05,"18,230"
2014-03-06,"18,300"
2014-03-07,"18,360"
2014-03-10,"18,115"
2014-03-11,"18,285"
2014-03-12,"17,975"
2014-03-13,"18,195"
2014-03-14,"18,130"
2014-03-17,"17,740"
2014-03-18,"17,895"
2014-03-19,"17,970"
2014-03-20,"17,960"
2014-03-21,"18,300"
2014-03-24,"18,175"
2014-03-25,"17,885"
2014-03-26,"18,150"
2014-03-27,"17,875"
2014-03-28,"18,050"
2014-03-31,"18,005"
2014-04-01,"18,240"
2014-04-02,"18,415"
2014-04-03,"18,445"
2014-04-04,"18,560"
2014-04-07,"18,470"
2014-04-08,"18,475"
2014-04-09,"18,245"
2014-04-10,"18,445"
2014-04-11,"18,295"
2014-04-14,"18,365"
2014-04-15,"18,360"
2014-04-16,"18,435"
2014-04-17,"18,280"
2014-04-18,"18,840"
2014-04-21,"18,950"
2014-04-22,"18,950"
2014-04-23,"19,000"
2014-04-24,"18,995"
2014-04-25,"18,795"
2014-04-28,"18,745"
2014-04-29,"18,585"
2014-04-30,"18,620"
2014-05-02,"18,510"
2014-05-07,"18,295"
2014-05-08,"18,130"
2014-05-09,"18,200"
2014-05-12,"18,455"
2014-05-13,"18,670"
2014-05-14,"18,720"
2014-05-15,"18,630"
2014-05-16,"18,710"
2014-05-19,"18,415"
2014-05-20,"18,530"
2014-05-21,"18,490"
2014-05-22,"18,510"
2014-05-23,"18,605"
2014-05-26,"18,680"
2014-05-27,"18,765"
2014-05-28,"18,900"
2014-05-29,"19,025"
2014-05-30,"18,880"
2014-06-02,"18,890"
2014-06-03,"18,865"
2014-06-05,"18,735"
2014-06-09,"18,710"
2014-06-10,"19,035"
2014-06-11,"18,910"
2014-06-12,"18,880"
2014-06-13,"18,730"
2014-06-16,"19,000"
2014-06-17,"19,130"
2014-06-18,"19,195"
2014-06-19,"19,080"
2014-06-20,"18,870"
2014-06-23,"18,590"
2014-06-24,"18,935"
2014-06-25,"18,780"
2014-06-26,"18,565"
2014-06-27,"18,320"
2014-06-30,"18,615"
2014-07-01,"18,800"
2014-07-02,"19,075"
2014-07-03,"19,270"
2014-07-04,"19,125"
2014-07-07,"19,210"
2014-07-08,"19,345"
2014-07-09,"19,195"
2014-07-10,"19,080"
2014-07-11,"18,810"
2014-07-14,"18,955"
2014-07-15,"19,125"
2014-07-16,"19,150"
2014-07-17,"19,340"
2014-07-18,"19,265"
2014-07-21,"19,240"
2014-07-22,"19,290"
2014-07-23,"19,190"
2014-07-24,"19,030"
2014-07-25,"18,960"
2014-07-28,"18,560"
2014-07-29,"18,210"
2014-07-30,"18,330"
2014-07-31,"17,770"
2014-08-01,"17,825"
2014-08-04,"18,105"
2014-08-05,"18,000"
2014-08-06,"17,555"
2014-08-07,"17,525"
2014-08-08,"17,300"
2014-08-11,"17,465"
2014-08-12,"17,275"
2014-08-13,"17,475"
2014-08-14,"17,625"
2014-08-18,"17,500"
2014-08-19,"17,525"
2014-08-20,"17,710"
2014-08-21,"17,800"
2014-08-22,"17,790"
2014-08-25,"17,935"
2014-08-26,"17,780"
2014-08-27,"17,720"
2014-08-28,"17,765"
2014-08-29,"17,860"
2014-09-01,"17,595"
2014-09-02,"17,415"
2014-09-03,"17,040"
2014-09-04,"17,185"
2014-09-05,"17,310"
2014-09-11,"17,460"
2014-09-12,"17,430"
2014-09-15,"17,205"
2014-09-16,"17,300"
2014-09-17,"17,390"
2014-09-18,"17,250"
2014-09-19,"17,335"
2014-09-22,"17,100"
2014-09-23,"16,900"
2014-09-24,"16,945"
2014-09-25,"17,020"
2014-09-26,"17,070"
2014-09-29,"17,045"
2014-09-30,"16,990"
2014-10-01,"16,625"
2014-10-02,"16,810"
2014-10-06,"16,790"
2014-10-07,"16,880"
2014-10-08,"16,960"
2014-10-10,"16,670"
2014-10-13,"16,150"
2014-10-14,"16,470"
2014-10-15,"16,470"
2014-10-16,"16,425"
2014-10-17,"16,125"
2014-10-20,"16,420"
2014-10-21,"16,445"
2014-10-22,"16,840"
2014-10-23,"16,870"
2014-10-24,"16,615"
2014-10-27,"16,525"
2014-10-28,"16,665"
2014-10-29,"16,870"
2014-10-30,"17,130"
2014-10-31,"17,495"
2014-11-03,"17,295"
2014-11-04,"17,130"
2014-11-05,"17,050"
2014-11-06,"17,000"
2014-11-07,"17,225"
2014-11-10,"17,490"
2014-11-11,"17,430"
2014-11-12,"17,550"
2014-11-13,"17,475"
2014-11-14,"17,425"
2014-11-17,"16,860"
2014-11-18,"17,030"
2014-11-19,"17,300"
2014-11-20,"17,285"
2014-11-21,"17,225"
2014-11-24,"17,325"
2014-11-25,"17,455"
2014-11-26,"17,540"
2014-11-27,"17,770"
2014-11-28,"17,850"
2014-12-01,"17,805"
2014-12-02,"17,770"
2014-12-03,"17,820"
2014-12-04,"17,980"
2014-12-05,"18,000"
2014-12-08,"18,115"
2014-12-09,"18,255"
2014-12-10,"17,950"
2014-12-11,"17,720"
2014-12-12,"17,645"
2014-12-15,"17,640"
2014-12-16,"17,450"
2014-12-17,"17,370"
2014-12-18,"17,465"
2014-12-19,"17,985"
2014-12-22,"18,100"
2014-12-23,"18,320"
2014-12-24,"18,310"
2014-12-26,"18,260"
2014-12-29,"18,715"
2014-12-30,"18,700"
2015-01-02,"18,900"
2015-01-05,"18,890"
2015-01-06,"18,640"
2015-01-07,"18,750"
2015-01-08,"19,100"
2015-01-09,"19,330"
2015-01-12,"19,325"
2015-01-13,"19,105"
2015-01-14,"19,065"
2015-01-15,"19,065"
2015-01-16,"18,730"
2015-01-19,"18,910"
2015-01-20,"18,935"
2015-01-21,"19,320"
2015-01-22,"19,200"
2015-01-23,"19,295"
2015-01-26,"19,305"
2015-01-27,"19,425"
2015-01-28,"19,225"
2015-01-29,"19,095"
2015-01-30,"19,115"
2015-02-02,"18,860"
2015-02-03,"18,855"
2015-02-04,"18,920"
2015-02-05,"18,755"
2015-02-06,"18,795"
2015-02-09,"18,780"
2015-02-10,"18,855"
2015-02-11,"19,190"
2015-02-12,"19,150"
2015-02-13,"19,300"
2015-02-16,"19,300"
2015-02-17,"19,240"
2015-02-23,"19,410"
2015-02-24,"19,555"
2015-02-25,"19,400"
2015-02-26,"19,400"
2015-02-27,"19,575"
2015-03-02,"19,820"
2015-03-03,"19,960"
2015-03-04,"19,950"
2015-03-05,"20,015"
2015-03-06,"20,260"
2015-03-09,"19,905"
2015-03-10,"19,640"
2015-03-11,"19,740"
2015-03-12,"19,685"
2015-03-13,"19,835"
2015-03-16,"19,890"
2015-03-17,"19,960"
2015-03-18,"19,980"
2015-03-19,"19,665"
2015-03-20,"19,705"
2015-03-23,"20,035"
2015-03-24,"20,060"
2015-03-25,"20,190"
2015-03-26,"19,570"
2015-03-27,"19,525"
2015-03-30,"19,815"
2015-03-31,"19,800"
2015-04-01,"19,510"
2015-04-02,"19,345"
2015-04-03,"19,410"
2015-04-06,"19,630"
2015-04-07,"19,405"
2015-04-08,"19,205"
2015-04-09,"19,345"
2015-04-10,"19,685"
2015-04-13,"19,575"
2015-04-14,"19,295"
2015-04-15,"19,300"
2015-04-16,"19,480"
2015-04-17,"19,400"
2015-04-20,"19,225"
2015-04-21,"19,460"
2015-04-22,"19,275"
2015-04-23,"19,860"
2015-04-24,"19,675"
2015-04-27,"19,645"
2015-04-28,"19,700"
2015-04-29,"19,905"
2015-04-30,"19,765"
2015-05-04,"19,430"
2015-05-06,"18,895"
2015-05-07,"19,195"
2015-05-08,"19,345"
2015-05-11,"19,290"
2015-05-12,"19,080"
2015-05-13,"19,440"
2015-05-14,"19,685"
2015-05-15,"20,065"
2015-05-18,"19,990"
2015-05-19,"20,120"
2015-05-20,"20,160"
2015-05-21,"19,950"
2015-05-22,"20,100"
2015-05-26,"19,890"
2015-05-27,"19,755"
2015-05-28,"19,920"
2015-05-29,"20,275"
2015-06-01,"20,175"
2015-06-02,"20,060"
2015-06-03,"19,815"
2015-06-04,"19,895"
2015-06-05,"20,200"
2015-06-08,"20,040"
2015-06-09,"19,965"
2015-06-10,"19,680"
2015-06-11,"19,540"
2015-06-12,"19,485"
2015-06-15,"19,085"
2015-06-16,"18,820"
2015-06-17,"19,115"
2015-06-18,"19,170"
2015-06-19,"19,230"
2015-06-22,"19,440"
2015-06-23,"19,560"
2015-06-24,"19,265"
2015-06-25,"19,270"
2015-06-26,"19,070"
2015-06-29,"18,860"
2015-06-30,"18,920"
2015-07-01,"19,060"
2015-07-02,"18,930"
2015-07-03,"19,180"
2015-07-06,"18,610"
2015-07-07,"18,695"
2015-07-08,"18,630"
2015-07-09,"18,535"
2015-07-10,"18,690"
2015-07-13,"18,960"
2015-07-14,"18,620"
2015-07-15,"18,770"
2015-07-16,"19,420"
2015-07-17,"19,550"
2015-07-20,"19,285"
2015-07-21,"19,200"
2015-07-22,"18,965"
2015-07-23,"18,670"
2015-07-24,"18,565"
2015-07-27,"18,220"
2015-07-28,"18,065"
2015-07-29,"18,110"
2015-07-30,"17,440"
2015-07-31,"17,610"
2015-08-03,"17,395"
2015-08-04,"17,585"
2015-08-05,"17,685"
2015-08-06,"17,575"
2015-08-07,"17,635"
2015-08-10,"17,445"
2015-08-11,"17,555"
2015-08-12,"17,165"
2015-08-13,"17,380"
2015-08-17,"17,050"
2015-08-18,"16,975"
2015-08-19,"16,570"
2015-08-20,"16,305"
2015-08-21,"15,630"
2015-08-24,"15,075"
2015-08-25,"15,940"
2015-08-26,"16,095"
2015-08-27,"16,350"
2015-08-28,"16,650"
2015-08-31,"16,575"
2015-09-01,"16,250"
2015-09-02,"16,235"
2015-09-03,"16,495"
2015-09-04,"16,220"
2015-09-07,"16,060"
2015-09-08,"15,995"
2015-09-09,"16,465"
2015-09-10,"16,335"
2015-09-11,"16,485"
2015-09-14,"16,355"
2015-09-15,"16,265"
2015-09-16,"16,620"
2015-09-17,"16,610"
2015-09-18,"16,800"
2015-09-21,"16,445"
2015-09-22,"16,500"
2015-09-23,"16,150"
2015-09-24,"15,985"
2015-09-25,"15,735"
2015-09-30,"15,830"
2015-10-01,"16,000"
2015-10-02,"15,880"
2015-10-05,"16,075"
2015-10-06,"16,315"
2015-10-07,"16,900"
2015-10-08,"16,840"
2015-10-12,"16,705"
2015-10-13,"16,650"
2015-10-14,"16,650"
2015-10-15,"16,900"
2015-10-16,"16,835"
2015-10-19,"16,750"
2015-10-20,"16,770"
2015-10-21,"16,515"
2015-10-22,"16,230"
2015-10-23,"16,200"
2015-10-26,"16,250"
2015-10-27,"16,265"
2015-10-28,"16,305"
2015-10-29,"16,490"
2015-10-30,"16,530"
2015-11-02,"16,765"
2015-11-03,"16,735"
2015-11-04,"16,675"
2015-11-05,"16,750"
2015-11-06,"16,455"
2015-11-09,"16,310"
2015-11-10,"15,880"
2015-11-11,"16,110"
2015-11-12,"16,155"
2015-11-13,"15,985"
2015-11-16,"15,775"
2015-11-17,"16,045"
2015-11-18,"16,105"
2015-11-19,"16,255"
2015-11-20,"16,450"
2015-11-23,"16,360"
2015-11-24,"16,300"
2015-11-25,"16,515"
2015-11-26,"17,060"
2015-11-27,"16,730"
2015-11-30,"16,455"
2015-12-01,"16,550"
2015-12-02,"16,540"
2015-12-03,"16,450"
2015-12-04,"16,400"
2015-12-07,"16,400"
2015-12-08,"16,240"
2015-12-09,"16,235"
2015-12-10,"16,290"
2015-12-11,"16,115"
2015-12-14,"15,770"
2015-12-15,"15,905"
2015-12-16,"16,250"
2015-12-17,"16,300"
2015-12-18,"16,500"
2015-12-21,"16,670"
2015-12-22,"16,700"
2015-12-23,"16,950"
2015-12-24,"16,760"
2015-12-28,"16,665"
2015-12-29,"17,025"
2015-12-30,"17,215"
2016-01-04,"16,590"
2016-01-05,"16,705"
2016-01-06,"16,645"
2016-01-07,"16,410"
2016-01-08,"16,430"
2016-01-11,"16,015"
2016-01-12,"15,810"
2016-01-13,"16,010"
2016-01-14,"16,065"
2016-01-15,"16,050"
2016-01-18,"15,910"
2016-01-19,"16,165"
2016-01-20,"15,760"
2016-01-21,"15,685"
2016-01-22,"15,800"
2016-01-25,"16,085"
2016-01-26,"15,865"
2016-01-27,"16,000"
2016-01-28,"15,940"
2016-01-29,"15,900"
2016-02-01,"16,190"
2016-02-02,"16,235"
2016-02-03,"15,965"
2016-02-04,"15,970"
2016-02-05,"16,000"
2016-02-11,"15,165"
2016-02-12,"14,910"
2016-02-15,"15,305"
2016-02-16,"15,615"
2016-02-17,"15,700"
2016-02-18,"16,050"
2016-02-19,"16,155"
2016-02-22,"16,205"
2016-02-23,"16,160"
2016-02-24,"16,450"
2016-02-25,"16,560"
2016-02-26,"16,575"
2016-02-29,"16,590"
2016-03-02,"16,985"
2016-03-03,"17,000"
2016-03-04,"17,000"
2016-03-07,"16,850"
2016-03-08,"16,700"
2016-03-09,"16,600"
2016-03-10,"16,900"
2016-03-11,"16,910"
2016-03-14,"16,800"
2016-03-15,"16,740"
2016-03-16,"16,690"
2016-03-17,"16,910"
2016-03-18,"16,830"
2016-03-21,"16,750"
2016-03-22,"16,850"
2016-03-23,"16,890"
2016-03-24,"16,635"
2016-03-25,"16,715"
2016-03-28,"16,620"
2016-03-29,"16,690"
2016-03-30,"16,785"
2016-03-31,"16,880"
2016-04-01,"16,910"
2016-04-04,"16,955"
2016-04-05,"16,800"
2016-04-06,"16,800"
2016-04-07,"16,800"
2016-04-08,"16,765"
2016-04-11,"16,735"
2016-04-12,"16,835"
2016-04-14,"16,940"
2016-04-15,"16,955"
2016-04-18,"16,955"
2016-04-19,"16,945"
2016-04-20,"16,985"
2016-04-21,"16,990"
2016-04-22,"16,905"
2016-04-25,"16,890"
2016-04-26,"17,100"
2016-04-27,"17,025"
2016-04-28,"16,670"
2016-04-29,"16,665"
2016-05-02,"16,525"
2016-05-03,"16,570"
2016-05-04,"16,460"
2016-05-09,"16,220"
2016-05-10,"16,325"
2016-05-11,"16,230"
2016-05-12,"16,095"
2016-05-13,"16,105"
2016-05-16,"16,115"
2016-05-17,"16,105"
2016-05-18,"16,065"
2016-05-19,"15,940"
2016-05-20,"16,000"
2016-05-23,"16,125"
2016-05-24,"16,195"
2016-05-25,"16,430"
2016-05-26,"16,400"
2016-05-27,"16,540"
2016-05-30,"16,625"
2016-05-31,"16,740"
2016-06-01,"16,960"
2016-06-02,"16,965"
2016-06-03,"17,020"
2016-06-07,"17,200"
2016-06-08,"17,155"
2016-06-09,"17,120"
2016-06-10,"17,115"
2016-06-13,"16,795"
2016-06-14,"16,955"
2016-06-15,"17,440"
2016-06-16,"17,205"
2016-06-17,"17,185"
2016-06-20,"17,420"
2016-06-21,"17,420"
2016-06-22,"17,570"
2016-06-23,"17,470"
2016-06-24,"17,100"
2016-06-27,"17,090"
2016-06-28,"17,100"
2016-06-29,"17,285"
2016-06-30,"17,640"
2016-07-01,"17,860"
2016-07-04,"17,960"
2016-07-05,"17,930"
2016-07-06,"17,500"
2016-07-07,"17,880"
2016-07-08,"17,900"
2016-07-11,"18,215"
2016-07-12,"18,085"
2016-07-13,"18,260"
2016-07-14,"18,380"
2016-07-15,"18,400"
2016-07-18,"18,435"
2016-07-19,"18,520"
2016-07-20,"18,560"
2016-07-21,"19,035"
2016-07-22,"18,960"
2016-07-25,"18,825"
2016-07-26,"18,930"
2016-07-27,"19,055"
2016-07-28,"19,025"
2016-07-29,"19,455"
2016-08-01,"19,770"
2016-08-02,"19,580"
2016-08-03,"19,600"
2016-08-04,"19,510"
2016-08-05,"19,735"
2016-08-08,"19,660"
2016-08-09,"19,670"
2016-08-10,"19,475"
2016-08-11,"19,275"
2016-08-12,"19,300"
2016-08-16,"19,130"
2016-08-17,"18,880"
2016-08-18,"19,450"
2016-08-19,"19,820"
2016-08-22,"19,730"
2016-08-23,"19,735"
2016-08-24,"19,545"
2016-08-25,"19,525"
2016-08-26,"19,300"
2016-08-29,"19,145"
2016-08-30,"19,110"
2016-08-31,"19,015"
2016-09-01,"18,850"
2016-09-02,"19,000"
2016-09-05,"19,120"
2016-09-06,"19,245"
2016-09-07,"19,040"
2016-09-08,"18,880"
2016-09-09,"18,900"
2016-09-12,"18,330"
2016-09-13,"18,465"
2016-09-19,"19,030"
2016-09-20,"19,095"
2016-09-21,"19,120"
2016-09-22,"19,600"
2016-09-23,"19,500"
2016-09-26,"19,435"
2016-09-27,"19,600"
2016-09-28,"19,605"
2016-09-29,"19,630"
2016-09-30,"19,685"
2016-10-04,"19,880"
2016-10-05,"20,030"
2016-10-06,"19,940"
2016-10-07,"19,835"
2016-10-10,"19,500"
2016-10-11,"19,460"
2016-10-12,"19,325"
2016-10-13,"19,015"
2016-10-14,"19,220"
2016-10-17,"19,225"
2016-10-18,"19,155"
2016-10-19,"18,995"
2016-10-20,"18,800"
2016-10-21,"18,715"
2016-10-24,"18,500"
2016-10-25,"18,480"
2016-10-26,"18,555"
2016-10-27,"19,195"
2016-10-28,"19,145"
2016-10-31,"18,775"
2016-11-01,"18,820"
2016-11-02,"18,395"
2016-11-03,"18,370"
2016-11-04,"18,485"
2016-11-07,"18,795"
2016-11-08,"18,810"
2016-11-09,"18,235"
2016-11-10,"18,550"
2016-11-11,"18,310"
2016-11-14,"18,250"
2016-11-15,"18,255"
2016-11-16,"18,550"
2016-11-17,"18,655"
2016-11-18,"18,505"
2016-11-21,"18,180"
2016-11-22,"18,470"
2016-11-23,"18,400"
2016-11-24,"18,355"
2016-11-25,"18,420"
2016-11-28,"18,325"
2016-11-29,"18,490"
2016-11-30,"18,540"
2016-12-01,"18,530"
2016-12-02,"18,390"
2016-12-05,"18,280"
2016-12-06,"18,525"
2016-12-07,"18,350"
2016-12-08,"18,805"
2016-12-09,"18,780"
2016-12-12,"18,905"
2016-12-13,"19,360"
2016-12-14,"19,590"
2016-12-15,"19,900"
2016-12-16,"20,025"
2016-12-19,"19,875"
2016-12-20,"19,685"
2016-12-21,"19,960"
2016-12-22,"20,080"
2016-12-23,"20,225"
2016-12-26,"19,955"
2016-12-27,"20,075"
2016-12-28,"20,220"
2016-12-29,"20,455"
2017-01-02,"20,650"
2017-01-03,"20,840"
2017-01-04,"20,500"
2017-01-05,"20,480"
2017-01-06,"20,660"
2017-01-09,"21,065"
2017-01-10,"20,850"
2017-01-11,"21,150"
2017-01-12,"20,960"
2017-01-13,"20,825"
2017-01-16,"20,365"
2017-01-17,"20,365"
2017-01-18,"20,500"
2017-01-19,"20,535"
2017-01-20,"20,340"
2017-01-23,"20,470"
2017-01-24,"20,535"
2017-01-25,"20,600"
2017-01-26,"20,950"
2017-01-31,"21,125"
2017-02-01,"21,095"
2017-02-02,"20,660"
2017-02-03,"20,795"
2017-02-06,"20,570"
2017-02-07,"20,265"
2017-02-08,"20,560"
2017-02-09,"20,395"
2017-02-10,"19,930"
2017-02-13,"20,100"
2017-02-14,"19,825"
2017-02-15,"19,770"
2017-02-16,"20,215"
2017-02-17,"20,530"
2017-02-20,"20,650"
2017-02-21,"20,720"
2017-02-22,"20,685"
2017-02-23,"20,485"
2017-02-24,"19,990"
2017-02-27,"19,930"
2017-02-28,"19,990"
2017-03-02,"20,025"
2017-03-03,"19,845"
2017-03-06,"20,400"
2017-03-07,"20,445"
2017-03-08,"20,360"
2017-03-09,"20,305"
2017-03-10,"20,600"
2017-03-13,"20,915"
2017-03-14,"20,750"
2017-03-15,"20,495"
2017-03-16,"20,470"
2017-03-17,"20,140"
2017-03-20,"20,145"
2017-03-21,"20,110"
2017-03-22,"20,200"
2017-03-23,"20,140"
2017-03-24,"20,405"
2017-03-27,"20,545"
2017-03-28,"20,655"
2017-03-29,"20,920"
2017-03-30,"20,900"
2017-03-31,"20,900"
2017-04-03,"21,345"
2017-04-04,"21,455"
2017-04-05,"21,325"
2017-04-06,"21,205"
2017-04-07,"21,365"
2017-04-10,"21,000"
2017-04-11,"21,105"
2017-04-12,"21,200"
2017-04-13,"21,235"
2017-04-14,"21,130"
2017-04-17,"21,360"
2017-04-18,"21,865"
2017-04-19,"21,835"
2017-04-20,"21,820"
2017-04-21,"21,865"
2017-04-24,"21,760"
2017-04-25,"21,915"
2017-04-26,"22,290"
2017-04-27,"22,000"
2017-04-28,"22,070"
2017-05-02,"22,300"
2017-05-04,"22,600"
2017-05-08,"22,885"
2017-05-10,"22,680"
2017-05-11,"23,150"
2017-05-12,"22,960"
2017-05-15,"23,150"
2017-05-16,"22,755"
2017-05-17,"22,740"
2017-05-18,"22,890"
2017-05-19,"22,745"
2017-05-22,"23,000"
2017-05-23,"22,930"
2017-05-24,"22,950"
2017-05-25,"22,765"
2017-05-26,"22,940"
2017-05-29,"23,170"
2017-05-30,"23,390"
2017-05-31,"23,370"
2017-06-01,"23,360"
2017-06-02,"23,700"
2017-06-05,"23,480"
2017-06-07,"23,675"
2017-06-08,"24,155"
2017-06-09,"24,550"
2017-06-11,"24,550"
2017-06-12,"23,850"
2017-06-13,"24,085"
2017-06-14,"24,220"
2017-06-15,"24,210"
2017-06-16,"24,240"
2017-06-19,"24,885"
2017-06-20,"24,655"
2017-06-21,"24,510"
2017-06-22,"24,545"
2017-06-23,"24,850"
2017-06-26,"25,640"
2017-06-27,"25,975"
2017-06-28,"25,525"
2017-06-29,"25,730"
2017-06-30,"25,570"
2017-07-03,"24,890"
2017-07-04,"24,615"
2017-07-05,"25,300"
2017-07-06,"25,385"
2017-07-07,"25,235"
2017-07-10,"25,285"
2017-07-11,"25,500"
2017-07-12,"25,445"
2017-07-13,"26,140"
2017-07-14,"26,280"
2017-07-17,"26,410"
2017-07-18,"26,640"
2017-07-19,"27,135"
2017-07-20,"27,240"
2017-07-21,"27,130"
2017-07-23,"27,130"
2017-07-24,"27,440"
2017-07-25,"26,555"
2017-07-26,"25,865"
2017-07-27,"26,190"
2017-07-28,"25,045"
2017-07-30,"25,045"
2017-07-31,"25,355"
2017-08-01,"25,125"
2017-08-02,"25,705"
2017-08-03,"24,625"
2017-08-04,"24,435"
2017-08-07,"24,540"
2017-08-08,"25,070"
2017-08-09,"24,465"
2017-08-10,"24,365"
2017-08-11,"23,650"
2017-08-14,"24,270"
2017-08-16,"24,560"
2017-08-17,"24,855"
2017-08-18,"25,050"
2017-08-21,"24,990"
2017-08-22,"25,120"
2017-08-23,"25,300"
2017-08-24,"25,300"
2017-08-25,"25,370"
2017-08-28,"25,140"
2017-08-29,"25,030"
2017-08-30,"25,200"
2017-08-31,"25,405"
2017-09-01,"25,655"
2017-09-04,"25,090"
2017-09-05,"25,180"
2017-09-06,"25,505"
2017-09-07,"25,735"
2017-09-08,"25,795"
2017-09-11,"26,170"
2017-09-12,"26,620"
2017-09-13,"26,870"
2017-09-14,"27,095"
2017-09-15,"27,150"
2017-09-18,"27,405"
2017-09-19,"27,140"
2017-09-20,"27,000"
2017-09-21,"26,875"
2017-09-22,"26,530"
2017-09-25,"26,880"
2017-09-26,"26,600"
2017-09-27,"26,755"
2017-09-28,"26,900"
2017-09-29,"26,975"
2017-10-10,"27,730"
2017-10-11,"27,990"
2017-10-12,"27,940"
2017-10-13,"27,320"
2017-10-16,"26,935"
2017-10-17,"27,165"
2017-10-18,"26,880"
2017-10-19,"27,095"
2017-10-20,"27,190"
2017-10-23,"27,500"
2017-10-24,"27,365"
2017-10-25,"27,650"
2017-10-26,"26,900"
2017-10-27,"26,960"
2017-10-30,"27,195"
2017-10-31,"27,745"
2017-11-01,"27,740"
2017-11-02,"27,415"
2017-11-03,"27,635"
2017-11-06,"27,635"
2017-11-07,"27,720"
2017-11-08,"27,825"
2017-11-09,"27,580"
2017-11-10,"27,820"
2017-11-13,"28,040"
2017-11-14,"28,590"
2017-11-15,"28,080"
2017-11-16,"28,515"
2017-11-17,"28,415"
2017-11-20,"28,255"
2017-11-21,"28,550"
2017-11-22,"28,985"
2017-11-23,"28,885"
2017-11-24,"29,105"
2017-11-27,"28,660"
2017-11-28,"28,330"
2017-11-29,"28,525"
2017-11-30,"27,425"
2017-12-01,"27,565"
2017-12-04,"27,585"
2017-12-05,"27,370"
2017-12-06,"26,815"
2017-12-07,"26,425"
2017-12-08,"26,580"
2017-12-11,"27,000"
2017-12-12,"26,745"
2017-12-13,"26,855"
2017-12-14,"26,910"
2017-12-15,"26,805"
2017-12-18,"26,585"
2017-12-19,"27,050"
2017-12-20,"27,050"
2017-12-21,"26,120"
2017-12-22,"26,865"
2017-12-26,"26,620"
2017-12-27,"27,210"
2017-12-28,"27,475"
2018-01-02,"27,225"
2018-01-03,"27,395"
2018-01-04,"26,895"
2018-01-05,"27,135"
2018-01-08,"26,550"
2018-01-09,"26,430"
2018-01-10,"25,860"
2018-01-11,"26,420"
2018-01-12,"26,260"
2018-01-15,"26,125"
2018-01-16,"27,055"
2018-01-17,"27,075"
2018-01-18,"27,490"
2018-01-19,"27,160"
2018-01-22,"26,400"
2018-01-23,"26,700"
2018-01-24,"26,860"
2018-01-25,"27,340"
2018-01-26,"27,380"
2018-01-29,"27,430"
2018-01-30,"26,850"
2018-01-31,"26,800"
2018-02-01,"27,120"
2018-02-02,"26,490"
2018-02-05,"25,785"
2018-02-06,"25,720"
2018-02-07,"25,860"
2018-02-08,"26,795"
2018-02-09,"26,355"
2018-02-12,"26,550"
2018-02-13,"26,560"
2018-02-14,"27,080"
2018-02-19,"27,325"
2018-02-20,"26,860"
2018-02-21,"27,320"
2018-02-22,"27,045"
2018-02-23,"27,115"
2018-02-26,"27,060"
2018-02-27,"27,205"
2018-02-28,"26,845"
2018-03-02,"26,710"
2018-03-05,"26,355"
2018-03-06,"27,030"
2018-03-07,"26,820"
2018-03-08,"26,950"
2018-03-09,"27,305"
2018-03-12,"27,790"
2018-03-13,"28,460"
2018-03-14,"28,345"
2018-03-15,"28,290"
2018-03-16,"28,180"
2018-03-19,"28,205"
2018-03-20,"28,040"
2018-03-21,"27,835"
2018-03-22,"27,580"
2018-03-23,"25,920"
2018-03-26,"26,665"
2018-03-27,"26,410"
2018-03-28,"25,950"
2018-03-29,"26,210"
2018-03-30,"26,420"
2018-04-02,"26,025"
2018-04-03,"25,935"
2018-04-04,"25,475"
2018-04-05,"25,985"
2018-04-06,"25,705"
2018-04-09,"25,815"
2018-04-10,"25,740"
2018-04-11,"26,195"
2018-04-12,"26,730"
2018-04-13,"26,920"
2018-04-15,"26,920"
2018-04-16,"26,945"
2018-04-17,"26,930"
2018-04-18,"26,960"
2018-04-19,"27,500"
2018-04-20,"27,030"
2018-04-23,"26,655"
2018-04-24,"26,035"
2018-04-25,"25,900"
2018-04-26,"26,435"
2018-04-27,"26,355"
2018-04-30,"25,925"
2018-05-02,"25,715"
2018-05-03,"25,575"
2018-05-04,"25,315"
2018-05-08,"24,995"
2018-05-09,"25,355"
2018-05-10,"25,625"
2018-05-11,"25,905"
2018-05-14,"25,550"
2018-05-15,"25,605"
2018-05-16,"25,550"
2018-05-17,"25,590"
2018-05-18,"25,930"
2018-05-21,"26,025"
2018-05-23,"27,000"
2018-05-24,"26,920"
2018-05-25,"26,910"
2018-05-28,"26,845"
2018-05-29,"26,830"
2018-05-30,"26,865"
2018-05-31,"26,860"
2018-06-01,"26,660"
2018-06-04,"26,440"
2018-06-05,"26,910"
2018-06-07,"27,160"
2018-06-08,"26,730"
2018-06-11,"26,725"
2018-06-12,"26,750"
2018-06-14,"26,200"
2018-06-15,"25,935"
2018-06-18,"24,925"
2018-06-19,"24,600"
2018-06-20,"25,355"
2018-06-21,"25,270"
2018-06-22,"25,385"
2018-06-25,"25,030"
2018-06-26,"24,915"
2018-06-27,"24,725"
2018-06-28,"24,140"
2018-06-29,"24,380"
2018-07-02,"23,530"
2018-07-03,"24,025"
2018-07-04,"24,040"
2018-07-05,"24,175"
2018-07-06,"24,495"
2018-07-09,"24,805"
2018-07-10,"24,975"
2018-07-11,"24,845"
2018-07-12,"25,050"
2018-07-13,"25,530"
2018-07-16,"25,485"
2018-07-17,"25,500"
2018-07-18,"25,590"
2018-07-19,"25,590"
2018-07-20,"25,115"
2018-07-23,"23,770"
2018-07-24,"24,135"
2018-07-25,"23,605"
2018-07-26,"24,305"
2018-07-27,"25,170"
2018-07-30,"25,100"
2018-07-31,"25,150"
2018-08-01,"25,290"
2018-08-02,"24,850"
2018-08-03,"24,900"
2018-08-06,"24,335"
2018-08-07,"24,530"
2018-08-08,"24,500"
2018-08-09,"24,270"
2018-08-10,"23,725"
2018-08-13,"23,025"
2018-08-14,"23,085"
2018-08-16,"23,005"
2018-08-17,"22,820"
2018-08-20,"22,620"
2018-08-21,"23,350"
2018-08-22,"23,260"
2018-08-23,"23,245"
2018-08-24,"23,330"
2018-08-27,"23,680"
2018-08-28,"23,625"
2018-08-29,"23,940"
2018-08-30,"23,940"
2018-08-31,"24,190"
2018-09-03,"24,135"
2018-09-04,"24,170"
2018-09-05,"24,020"
2018-09-06,"23,775"
2018-09-07,"23,155"
2018-09-10,"23,225"
2018-09-11,"23,230"
2018-09-12,"23,030"
2018-09-13,"22,830"
2018-09-14,"23,125"
2018-09-17,"22,825"
2018-09-18,"22,850"
2018-09-19,"22,800"
2018-09-20,"22,705"
2018-09-21,"22,500"
2018-09-27,"22,360"
2018-09-28,"22,155"
2018-10-01,"22,035"
2018-10-02,"21,590"
2018-10-04,"21,225"
2018-10-05,"20,870"
2018-10-08,"20,840"
2018-10-10,"20,350"
2018-10-11,"19,300"
2018-10-12,"19,930"
2018-10-15,"19,520"
2018-10-16,"20,025"
2018-10-17,"20,400"
2018-10-18,"20,115"
2018-10-19,"20,450"
2018-10-22,"20,285"
2018-10-23,"19,640"
2018-10-24,"19,400"
2018-10-25,"18,970"
2018-10-26,"18,885"
2018-10-29,"18,585"
2018-10-30,"19,275"
2018-10-31,"19,320"
2018-11-01,"19,200"
2018-11-02,"20,220"
2018-11-05,"19,720"
2018-11-06,"19,560"
2018-11-07,"19,125"
2018-11-08,"19,530"
2018-11-09,"19,675"
2018-11-12,"19,825"
2018-11-13,"19,280"
2018-11-14,"19,000"
2018-11-15,"19,220"
2018-11-16,"19,200"
2018-11-19,"19,185"
2018-11-20,"18,470"
2018-11-21,"18,650"
2018-11-22,"18,520"
2018-11-23,"18,420"
2018-11-26,"18,730"
2018-11-27,"18,835"
2018-11-28,"19,070"
2018-11-29,"18,985"
2018-11-30,"18,825"
2018-12-03,"19,180"
2018-12-04,"18,935"
2018-12-05,"18,680"
2018-12-06,"18,080"
2018-12-07,"18,090"
2018-12-10,"17,435"
2018-12-11,"17,415"
2018-12-12,"17,745"
2018-12-13,"17,965"
2018-12-14,"17,335"
2018-12-17,"17,320"
2018-12-18,"16,960"
2018-12-19,"17,080"
2018-12-20,"16,670"
2018-12-21,"16,920"
2018-12-24,"17,065"
2018-12-26,"16,775"
2018-12-27,"17,155"
2018-12-28,"17,380"
2019-01-02,"17,170"
2019-01-03,"16,485"
2019-01-04,"16,150"
2019-01-07,"16,445"
2019-01-08,"16,470"
2019-01-09,"17,370"
2019-01-10,"17,650"
2019-01-11,"17,675"
2019-01-14,"17,325"
2019-01-15,"17,595"
2019-01-16,"17,815"
2019-01-17,"17,955"
2019-01-18,"18,045"
2019-01-21,"18,605"
2019-01-22,"18,450"
2019-01-23,"18,520"
2019-01-24,"18,980"
2019-01-25,"19,565"
2019-01-28,"19,515"
2019-01-29,"19,870"
2019-01-30,"20,410"
2019-01-31,"20,125"
2019-02-01,"20,165"
2019-02-07,"20,815"
2019-02-08,"20,285"
2019-02-11,"20,220"
2019-02-12,"20,545"
2019-02-13,"21,200"
2019-02-14,"21,620"
2019-02-15,"20,940"
2019-02-18,"21,190"
2019-02-19,"21,150"
2019-02-20,"21,560"
2019-02-21,"21,530"
2019-02-22,"21,510"
2019-02-25,"22,010"
2019-02-26,"21,750"
2019-02-27,"21,600"
2019-02-28,"20,915"
2019-03-04,"21,045"
2019-03-05,"20,725"
2019-03-06,"20,575"
2019-03-07,"20,390"
2019-03-08,"20,175"
2019-03-11,"20,580"
2019-03-12,"21,060"
2019-03-13,"21,235"
2019-03-14,"21,510"
2019-03-15,"21,335"
2019-03-18,"21,410"
2019-03-19,"21,285"
2019-03-20,"21,605"
2019-03-21,"21,945"
2019-03-22,"22,160"
2019-03-25,"21,345"
2019-03-26,"21,500"
2019-03-27,"21,520"
2019-03-28,"21,070"
2019-03-29,"21,400"
2019-04-01,"21,945"
2019-04-02,"21,875"
2019-04-03,"22,430"
2019-04-04,"22,615"
2019-04-05,"22,850"
2019-04-08,"22,420"
2019-04-09,"22,585"
2019-04-10,"22,650"
2019-04-11,"22,790"
2019-04-12,"22,790"
2019-04-15,"22,870"
2019-04-16,"22,725"
2019-04-17,"23,135"
2019-04-18,"22,745"
2019-04-19,"23,010"
2019-04-22,"22,815"
2019-04-23,"22,940"
2019-04-24,"22,785"
2019-04-25,"23,100"
2019-04-26,"22,445"
2019-04-29,"22,700"
2019-04-30,"22,760"
2019-05-02,"22,975"
2019-05-03,"22,960"
2019-05-07,"22,550"
2019-05-08,"22,155"
2019-05-09,"21,335"
2019-05-10,"21,370"
2019-05-13,"20,725"
2019-05-14,"20,835"
2019-05-15,"21,240"
2019-05-16,"20,625"
2019-05-17,"20,520"
2019-05-20,"20,210"
2019-05-21,"20,320"
2019-05-22,"20,140"
2019-05-23,"19,720"
2019-05-24,"19,325"
2019-05-27,"19,295"
2019-05-28,"19,625"
2019-05-29,"19,515"
2019-05-30,"19,685"
2019-05-31,"19,710"
2019-06-03,"19,810"
2019-06-04,"19,720"
2019-06-05,"19,875"
2019-06-07,"20,010"
2019-06-10,"20,285"
2019-06-11,"20,735"
2019-06-12,"20,285"
2019-06-13,"20,030"
2019-06-14,"19,770"
2019-06-17,"19,705"
2019-06-18,"19,660"
2019-06-19,"20,040"
2019-06-20,"20,250"
2019-06-21,"19,955"
2019-06-24,"20,015"
2019-06-25,"19,750"
2019-06-26,"19,965"
2019-06-27,"20,235"
2019-06-28,"20,195"
2019-07-01,"20,335"
2019-07-02,"20,405"
2019-07-03,"20,265"
2019-07-04,"20,600"
2019-07-05,"20,320"
2019-07-08,"19,210"
2019-07-09,"19,310"
2019-07-10,"19,800"
2019-07-11,"20,380"
2019-07-12,"20,500"
2019-07-15,"20,640"
2019-07-16,"20,700"
2019-07-17,"20,240"
2019-07-18,"20,515"
2019-07-19,"20,800"
2019-07-22,"21,030"
2019-07-23,"20,950"
2019-07-24,"20,715"
2019-07-25,"20,700"
2019-07-26,"20,585"
2019-07-29,"19,690"
2019-07-30,"20,020"
2019-07-31,"19,960"
2019-08-01,"19,625"
2019-08-02,"19,485"
2019-08-05,"18,635"
2019-08-06,"17,875"
2019-08-07,"18,440"
2019-08-08,"18,835"
2019-08-09,"19,000"
2019-08-12,"19,050"
2019-08-13,"19,050"
2019-08-14,"19,415"
2019-08-16,"19,245"
2019-08-19,"19,245"
2019-08-20,"19,660"
2019-08-21,"19,870"
2019-08-22,"19,495"
2019-08-23,"19,520"
2019-08-26,"18,610"
2019-08-27,"18,890"
2019-08-28,"19,200"
2019-08-29,"18,985"
2019-08-30,"19,520"
2019-09-02,"19,840"
2019-09-03,"19,790"
2019-09-04,"20,540"
2019-09-05,"21,230"
2019-09-06,"21,215"
2019-09-09,"21,165"
2019-09-10,"21,080"
2019-09-11,"21,070"
2019-09-16,"21,010"
2019-09-17,"20,985"
2019-09-18,"21,180"
2019-09-19,"21,490"
2019-09-20,"21,585"
2019-09-23,"21,400"
2019-09-24,"21,450"
2019-09-25,"21,240"
2019-09-26,"21,370"
2019-09-27,"21,315"
2019-09-30,"21,395"
2019-10-01,"21,460"
2019-10-02,"20,940"
2019-10-04,"20,995"
2019-10-07,"20,940"
2019-10-08,"21,315"
2019-10-10,"21,165"
2019-10-11,"21,345"
2019-10-14,"21,690"
2019-10-15,"22,175"
2019-10-16,"22,475"
2019-10-17,"22,295"
2019-10-18,"21,910"
2019-10-21,"22,070"
2019-10-22,"22,100"
2019-10-23,"22,050"
2019-10-24,"22,255"
2019-10-25,"22,520"
2019-10-28,"22,635"
2019-10-29,"22,615"
2019-10-30,"22,220"
2019-10-31,"22,610"
2019-11-01,"22,650"
2019-11-04,"22,970"
2019-11-05,"23,080"
2019-11-06,"22,650"
2019-11-07,"22,490"
2019-11-08,"22,190"
2019-11-11,"21,960"
2019-11-12,"22,310"
2019-11-13,"22,210"
2019-11-14,"22,405"
2019-11-15,"22,945"
2019-11-18,"23,010"
2019-11-19,"23,005"
2019-11-20,"22,390"
2019-11-21,"21,950"
2019-11-22,"22,170"
2019-11-25,"22,510"
2019-11-26,"22,575"
2019-11-27,"22,425"
2019-11-28,"22,490"
2019-11-29,"22,205"
2019-12-02,"22,145"
2019-12-03,"21,890"
2019-12-04,"21,655"
2019-12-05,"22,185"
2019-12-06,"23,170"
2019-12-09,"23,090"
2019-12-10,"22,765"
2019-12-11,"22,865"
2019-12-12,"23,470"
2019-12-13,"24,150"
2019-12-16,"24,385"
2019-12-17,"25,200"
2019-12-18,"25,150"
2019-12-19,"24,950"
2019-12-20,"25,190"
2019-12-23,"24,940"
2019-12-24,"24,860"
2019-12-26,"25,650"
2019-12-27,"26,400"
2019-12-30,"26,520"
2020-01-02,"26,670"
2020-01-03,"26,440"
2020-01-05,"26,440"
2020-01-06,"26,325"
2020-01-07,"26,280"
2020-01-08,"26,190"
2020-01-09,"27,155"
2020-01-10,"27,135"
2020-01-12,"27,135"
2020-01-13,"27,020"
2020-01-14,"27,100"
2020-01-15,"26,650"
2020-01-16,"27,150"
2020-01-17,"27,410"
2020-01-20,"27,530"
2020-01-21,"27,245"
2020-01-22,"27,735"
2020-01-23,"27,535"
2020-01-28,"26,750"
2020-01-29,"26,805"
2020-01-30,"26,145"
2020-01-31,"25,510"
2020-02-03,"25,975"
2020-02-04,"26,410"
2020-02-05,"26,410"
2020-02-06,"26,720"
2020-02-07,"26,470"
2020-02-10,"26,540"
2020-02-11,"26,760"
2020-02-12,"27,335"
2020-02-13,"27,690"
2020-02-14,"28,190"
2020-02-17,"28,310"
2020-02-18,"27,395"
2020-02-19,"27,620"
2020-02-20,"27,635"
2020-02-21,"27,240"
2020-02-24,"26,220"
2020-02-25,"26,785"
2020-02-26,"26,255"
2020-02-27,"25,170"
2020-02-28,"24,005"
2020-03-02,"25,180"
2020-03-03,"24,990"
2020-03-04,"25,645"
2020-03-05,"26,000"
2020-03-06,"25,435"
2020-03-09,"24,140"
2020-03-10,"24,770"
2020-03-11,"23,755"
2020-03-12,"22,725"
2020-03-13,"21,830"
2020-03-15,"21,830"
2020-03-16,"20,600"
2020-03-17,"20,925"
2020-03-18,"19,415"
2020-03-19,"17,645"
2020-03-20,"19,240"
2020-03-23,"17,875"
2020-03-24,"20,020"
2020-03-25,"21,080"
2020-03-26,"20,560"
2020-03-27,"20,650"
2020-03-30,"20,800"
2020-03-31,"20,845"
2020-04-01,"20,200"
2020-04-02,"20,935"
2020-04-03,"20,920"
2020-04-05,"20,920"
2020-04-06,"22,105"
2020-04-07,"22,750"
2020-04-08,"22,715"
2020-04-09,"22,740"
2020-04-10,"22,350"
2020-04-13,"21,435"
2020-04-14,"21,900"
2020-04-16,"22,290"
2020-04-17,"22,830"
2020-04-20,"22,510"
2020-04-21,"22,270"
2020-04-22,"22,680"
2020-04-23,"22,755"
2020-04-24,"22,255"
2020-04-27,"22,685"
2020-04-28,"22,705"
2020-04-29,"22,850"
2020-05-04,"22,385"
2020-05-06,"23,060"
2020-05-07,"23,675"
2020-05-08,"24,320"
2020-05-11,"24,185"
2020-05-12,"24,080"
2020-05-13,"23,945"
2020-05-14,"23,535"
2020-05-15,"24,100"
2020-05-17,"24,100"
2020-05-18,"24,020"
2020-05-19,"24,450"
2020-05-20,"25,300"
2020-05-21,"25,480"
2020-05-22,"25,090"
2020-05-25,"25,630"
2020-05-26,"25,900"
2020-05-27,"25,340"
2020-05-28,"24,845"
2020-05-29,"24,725"
2020-06-01,"25,695"
2020-06-02,"25,760"
2020-06-03,"26,260"
2020-06-04,"26,095"
2020-06-05,"26,385"
2020-06-08,"26,270"
2020-06-09,"26,075"
2020-06-10,"26,195"
2020-06-11,"25,725"
2020-06-12,"25,010"
2020-06-14,"25,010"
2020-06-15,"23,290"
2020-06-16,"24,520"
2020-06-17,"24,770"
2020-06-18,"24,715"
2020-06-19,"24,825"
2020-06-22,"24,965"
2020-06-23,"24,910"
2020-06-24,"25,575"
2020-06-25,"24,860"
2020-06-26,"25,270"
2020-06-29,"24,705"
2020-06-30,"25,240"
2020-07-01,"25,185"
2020-07-02,"25,265"
2020-07-03,"25,640"
2020-07-06,"26,135"
2020-07-07,"25,940"
2020-07-08,"25,850"
2020-07-09,"26,045"
2020-07-10,"26,120"
2020-07-13,"26,200"
2020-07-14,"26,130"
2020-07-15,"26,455"
2020-07-16,"25,870"
2020-07-17,"26,275"
2020-07-20,"26,125"
2020-07-21,"26,570"
2020-07-22,"26,590"
2020-07-23,"26,740"
2020-07-24,"26,555"
2020-07-27,"27,190"
2020-07-28,"27,870"
2020-07-29,"27,990"
2020-07-30,"28,610"
2020-07-31,"28,000"
2020-08-03,"28,185"
2020-08-04,"28,115"
2020-08-05,"28,395"
2020-08-06,"28,320"
2020-08-07,"28,200"
2020-08-10,"28,100"
2020-08-11,"27,880"
2020-08-12,"27,545"
2020-08-13,"27,800"
2020-08-14,"27,460"
2020-08-17,"27,460"
2020-08-18,"26,385"
2020-08-19,"26,870"
2020-08-20,"25,300"
2020-08-21,"25,655"
2020-08-24,"26,105"
2020-08-25,"26,565"
2020-08-26,"26,430"
2020-08-27,"26,015"
2020-08-28,"26,110"
2020-08-31,"26,200"
2020-09-01,"26,385"
2020-09-02,"26,705"
2020-09-03,"27,400"
2020-09-04,"26,755"
2020-09-07,"26,985"
2020-09-08,"27,410"
2020-09-09,"27,290"
2020-09-10,"27,655"
2020-09-11,"27,630"
2020-09-14,"27,940"
2020-09-15,"28,045"
2020-09-16,"27,600"
2020-09-17,"27,335"
2020-09-18,"27,765"
2020-09-21,"27,070"
2020-09-22,"26,200"
2020-09-23,"26,890"
2020-09-24,"26,070"
2020-09-25,"25,915"
2020-09-28,"26,700"
2020-09-29,"27,005"
2020-10-05,"26,995"
2020-10-06,"27,030"
2020-10-07,"27,060"
2020-10-08,"26,970"
2020-10-12,"27,145"
2020-10-13,"27,390"
2020-10-14,"26,865"
2020-10-15,"26,510"
2020-10-16,"26,245"
2020-10-19,"26,000"
2020-10-20,"26,005"
2020-10-21,"26,045"
2020-10-22,"25,500"
2020-10-23,"25,225"
2020-10-26,"24,365"
2020-10-27,"24,410"
2020-10-28,"25,200"
2020-10-29,"25,540"
2020-10-30,"24,905"
2020-11-02,"24,995"
2020-11-03,"25,570"
2020-11-04,"26,295"
2020-11-05,"26,715"
2020-11-06,"26,460"
2020-11-09,"26,640"
2020-11-10,"26,440"
2020-11-11,"26,410"
2020-11-12,"26,460"
2020-11-13,"26,850"
2020-11-16,"28,200"
2020-11-17,"27,990"
2020-11-18,"28,030"
2020-11-19,"28,405"
2020-11-20,"28,550"
2020-11-22,"28,550"
2020-11-23,"28,830"
2020-11-24,"28,795"
2020-11-25,"28,305"
2020-11-26,"28,860"
2020-11-27,"29,020"
2020-11-30,"28,745"
2020-12-01,"28,720"
2020-12-02,"29,635"
2020-12-03,"29,560"
2020-12-04,"29,810"
2020-12-07,"30,090"
2020-12-08,"29,925"
2020-12-09,"30,395"
2020-12-10,"30,425"
2020-12-11,"30,380"
2020-12-14,"30,155"
2020-12-15,"30,555"
2020-12-16,"31,015"
2020-12-17,"31,690"
2020-12-18,"31,370"
2020-12-20,"31,370"
2020-12-21,"31,225"
2020-12-22,"30,435"
2020-12-23,"30,955"
2020-12-24,"31,590"
2020-12-28,"31,940"
2020-12-29,"32,600"
2020-12-30,"33,610"
2021-01-04,"34,355"
2021-01-05,"34,710"
2021-01-06,"34,670"
2021-01-07,"35,225"
2021-01-08,"35,480"
2021-01-10,"35,480"
2021-01-11,"35,370"
2021-01-12,"35,300"
2021-01-13,"35,495"
2021-01-14,"35,340"
2021-01-15,"35,345"
2021-01-18,"35,355"
2021-01-19,"36,055"
2021-01-20,"37,500"
2021-01-21,"37,495"
2021-01-22,"36,935"
2021-01-25,"37,715"
2021-01-26,"37,430"
2021-01-27,"36,855"
2021-01-28,"35,830"
2021-01-29,"34,560"
2021-01-31,"34,560"
2021-02-01,"35,545"
2021-02-02,"35,970"
2021-02-03,"36,065"
2021-02-04,"35,510"
2021-02-05,"35,585"
2021-02-07,"35,585"
2021-02-08,"35,375"
2021-02-09,"35,430"
2021-02-10,"35,570"
2021-02-15,"37,340"
2021-02-16,"37,705"
2021-02-17,"37,500"
2021-02-18,"36,530"
2021-02-19,"37,080"
2021-02-21,"37,080"
2021-02-22,"36,650"
2021-02-23,"36,280"
2021-02-24,"35,265"
2021-02-25,"36,880"
2021-02-26,"35,795"
2021-03-02,"36,280"
2021-03-03,"36,630"
2021-03-04,"35,885"
2021-03-05,"35,580"
2021-03-08,"34,650"
2021-03-09,"34,305"
2021-03-10,"33,800"
2021-03-11,"34,705"
2021-03-12,"35,480"
2021-03-15,"35,205"
2021-03-16,"36,435"
2021-03-17,"36,545"
2021-03-18,"36,870"
2021-03-19,"36,685"
2021-03-21,"36,685"
2021-03-22,"36,940"
2021-03-23,"36,350"
2021-03-24,"36,765"
2021-03-25,"36,505"
2021-03-26,"36,550"
2021-03-29,"36,160"
2021-03-30,"36,480"
2021-03-31,"36,300"
2021-04-01,"37,565"
2021-04-02,"38,100"
2021-04-04,"38,100"
2021-04-05,"38,880"
2021-04-06,"38,780"
2021-04-07,"38,490"
2021-04-08,"38,620"
2021-04-09,"38,450"
2021-04-12,"38,315"
2021-04-13,"38,690"
2021-04-14,"38,490"
2021-04-15,"38,565"
2021-04-16,"38,915"
2021-04-19,"40,330"
2021-04-20,"40,480"
2021-04-21,"39,790"
2021-04-22,"40,130"
2021-04-23,"40,225"
2021-04-25,"40,225"
2021-04-26,"40,290"
2021-04-27,"40,250"
2021-04-28,"38,580"
2021-04-29,"37,980"
2021-04-30,"37,630"
2021-05-02,"37,630"
2021-05-03,"37,445"
2021-05-04,"37,685"
2021-05-05,"37,685"
2021-05-06,"37,280"
2021-05-07,"37,390"
2021-05-10,"37,745"
2021-05-11,"36,395"
2021-05-12,"36,060"
2021-05-13,"35,105"
2021-05-14,"36,275"
2021-05-17,"35,815"
2021-05-18,"36,405"
2021-05-19,"36,405"
2021-05-20,"36,930"
2021-05-21,"36,925"
2021-05-23,"36,925"
2021-05-24,"35,980"
2021-05-25,"36,350"
2021-05-26,"36,275"
2021-05-27,"36,740"
2021-05-28,"36,795"
2021-05-31,"36,740"
2021-06-01,"37,075"
2021-06-02,"36,975"
2021-06-03,"37,940"
2021-06-04,"37,615"
2021-06-07,"37,570"
2021-06-08,"37,155"
2021-06-09,"36,460"
2021-06-10,"36,640"
2021-06-11,"37,000"
2021-06-14,"36,820"
2021-06-15,"36,980"
2021-06-16,"37,170"
2021-06-17,"37,365"
2021-06-18,"37,525"
2021-06-20,"37,525"
2021-06-21,"36,970"
2021-06-22,"37,010"
2021-06-23,"37,235"
2021-06-24,"37,390"
2021-06-25,"37,830"
2021-06-28,"37,770"
2021-06-29,"37,985"
2021-06-30,"38,525"
2021-07-01,"38,220"
2021-07-02,"37,855"
2021-07-05,"38,210"
2021-07-06,"38,380"
2021-07-07,"38,205"
2021-07-08,"37,605"
2021-07-09,"37,200"
2021-07-12,"37,420"
2021-07-13,"37,820"
2021-07-14,"37,800"
2021-07-15,"38,420"
2021-07-16,"37,875"
2021-07-19,"37,840"
2021-07-20,"37,700"
2021-07-21,"37,575"
2021-07-22,"38,530"
2021-07-23,"38,455"
2021-07-26,"38,250"
2021-07-27,"38,200"
2021-07-28,"37,600"
2021-07-29,"37,595"
2021-07-30,"37,140"
2021-08-02,"37,940"
2021-08-03,"38,665"
2021-08-04,"38,765"
2021-08-05,"39,005"
2021-08-06,"38,850"
2021-08-08,"38,850"
2021-08-09,"39,055"
2021-08-10,"38,415"
2021-08-11,"36,990"
2021-08-12,"36,340"
2021-08-13,"35,720"
2021-08-17,"35,435"
2021-08-18,"35,900"
2021-08-19,"34,810"
2021-08-20,"34,400"
2021-08-23,"34,775"
2021-08-24,"35,745"
2021-08-25,"35,675"
2021-08-26,"35,700"
2021-08-27,"35,625"
2021-08-29,"35,625"
2021-08-30,"35,700"
2021-08-31,"36,100"
2021-09-01,"36,235"
2021-09-02,"35,970"
2021-09-03,"36,175"
2021-09-06,"36,060"
2021-09-07,"35,735"
2021-09-08,"35,595"
2021-09-09,"34,960"
2021-09-10,"35,230"
2021-09-12,"35,230"
2021-09-13,"34,920"
2021-09-14,"35,285"
2021-09-15,"35,210"
2021-09-16,"34,745"
2021-09-17,"35,295"
2021-09-23,"34,670"
2021-09-24,"34,480"
2021-09-27,"34,315"
2021-09-28,"33,430"
2021-09-29,"32,775"
2021-09-30,"32,900"
2021-10-01,"32,200"
2021-10-05,"31,660"
2021-10-06,"30,875"
2021-10-07,"31,570"
2021-10-08,"31,045"
2021-10-12,"30,590"
2021-10-13,"30,690"
2021-10-14,"31,520"
2021-10-15,"32,360"
2021-10-18,"32,365"
2021-10-19,"32,455"
2021-10-20,"32,330"
2021-10-21,"31,950"
2021-10-22,"32,170"
2021-10-25,"32,445"
2021-10-26,"33,025"
2021-10-27,"32,915"
2021-10-28,"34,070"
2021-10-29,"33,535"
2021-10-31,"33,535"
2021-11-01,"33,700"
2021-11-02,"34,025"
2021-11-03,"33,600"
2021-11-04,"33,660"
2021-11-05,"33,860"
2021-11-08,"33,815"
2021-11-09,"33,785"
2021-11-10,"33,190"
2021-11-11,"33,095"
2021-11-12,"33,820"
2021-11-15,"35,050"
2021-11-16,"35,040"
2021-11-17,"34,945"
2021-11-18,"34,950"
2021-11-19,"36,170"
2021-11-22,"37,785"
2021-11-23,"37,455"
2021-11-24,"36,845"
2021-11-25,"36,270"
2021-11-26,"35,795"
2021-11-29,"35,340"
2021-11-30,"34,480"
2021-12-01,"35,530"
2021-12-02,"36,730"
2021-12-03,"36,860"
2021-12-06,"37,345"
2021-12-07,"37,890"
2021-12-08,"37,400"
2021-12-09,"37,545"
2021-12-10,"36,910"
2021-12-13,"37,295"
2021-12-14,"37,085"
2021-12-15,"37,285"
2021-12-16,"37,660"
2021-12-17,"37,140"
2021-12-20,"36,845"
2021-12-21,"37,785"
2021-12-22,"38,070"
2021-12-23,"38,760"
2021-12-24,"38,700"
2021-12-27,"38,575"
2021-12-28,"39,120"
2021-12-29,"39,070"
2021-12-30,"39,705"
2022-01-03,"40,005"
2022-01-04,"39,700"
2022-01-05,"38,580"
2022-01-06,"37,665"
2022-01-07,"38,500"
2022-01-09,"38,500"
2022-01-10,"37,670"
2022-01-11,"37,790"
2022-01-12,"38,585"
2022-01-13,"38,650"
2022-01-14,"38,845"
2022-01-16,"38,845"
2022-01-17,"38,900"
2022-01-18,"38,620"
2022-01-19,"38,070"
2022-01-20,"38,505"
2022-01-21,"36,910"
2022-01-24,"36,800"
2022-01-25,"36,475"
2022-01-26,"35,820"
2022-01-27,"34,800"
2022-01-28,"36,315"
2022-02-03,"36,375"
2022-02-04,"36,690"
2022-02-06,"36,690"
2022-02-07,"35,890"
2022-02-08,"35,485"
2022-02-09,"35,995"
2022-02-10,"36,325"
2022-02-11,"35,720"
2022-02-14,"34,830"
2022-02-15,"34,390"
2022-02-16,"35,750"
2022-02-17,"35,790"
2022-02-18,"35,920"
2022-02-21,"35,640"
2022-02-22,"35,025"
2022-02-23,"35,455"
2022-02-24,"34,360"
2022-02-25,"35,130"
2022-02-28,"35,315"
2022-03-02,"35,660"
2022-03-03,"36,430"
2022-03-04,"35,855"
2022-03-07,"34,790"
2022-03-08,"34,155"
2022-03-10,"35,025"
2022-03-11,"34,705"
2022-03-13,"34,705"
2022-03-14,"33,875"
2022-03-15,"33,565"
2022-03-16,"34,620"
2022-03-17,"35,660"
2022-03-18,"36,055"
2022-03-21,"35,980"
2022-03-22,"36,440"
2022-03-23,"36,560"
2022-03-24,"36,705"
2022-03-25,"36,760"
2022-03-28,"36,785"
2022-03-29,"37,065"
2022-03-30,"37,150"
2022-03-31,"36,915"
2022-04-01,"36,370"
2022-04-03,"36,370"
2022-04-04,"36,465"
2022-04-05,"36,605"
2022-04-06,"35,680"
2022-04-07,"35,665"
2022-04-08,"35,755"
2022-04-11,"35,310"
2022-04-12,"35,330"
2022-04-13,"35,915"
2022-04-14,"35,760"
2022-04-15,"35,450"
2022-04-18,"35,635"
2022-04-19,"36,835"
2022-04-20,"36,825"
2022-04-21,"37,130"
2022-04-22,"36,710"
2022-04-25,"35,845"
2022-04-26,"36,145"
2022-04-27,"35,610"
2022-04-28,"35,055"
2022-04-29,"35,520"
2022-05-02,"35,085"
2022-05-03,"35,600"
2022-05-04,"35,315"
2022-05-05,"35,315"
2022-05-06,"34,550"
2022-05-09,"33,840"
2022-05-10,"34,280"
2022-05-11,"35,045"
2022-05-12,"34,065"
2022-05-13,"35,025"
2022-05-16,"34,860"
2022-05-17,"35,265"
2022-05-18,"35,480"
2022-05-19,"35,085"
2022-05-20,"35,300"
2022-05-22,"35,300"
2022-05-23,"35,460"
2022-05-24,"34,155"
2022-05-25,"34,420"
2022-05-26,"33,780"
2022-05-27,"33,935"
2022-05-30,"34,370"
2022-05-31,"34,480"
2022-06-02,"34,345"
2022-06-03,"34,270"
2022-06-07,"33,455"
2022-06-08,"33,515"
2022-06-09,"33,380"
2022-06-10,"32,830"
2022-06-13,"31,265"
2022-06-14,"31,145"
2022-06-15,"30,500"
2022-06-16,"30,260"
2022-06-17,"29,800"
2022-06-20,"28,790"
2022-06-21,"28,940"
2022-06-22,"28,930"
2022-06-23,"26,900"
2022-06-24,"27,760"
2022-06-27,"28,510"
2022-06-28,"28,435"
2022-06-29,"28,160"
2022-06-30,"27,230"
2022-07-01,"26,430"
2022-07-04,"26,175"
2022-07-05,"27,045"
2022-07-06,"26,575"
2022-07-07,"27,285"
2022-07-08,"27,385"
2022-07-11,"27,355"
2022-07-12,"26,055"
2022-07-13,"26,500"
2022-07-14,"26,555"
2022-07-15,"27,100"
2022-07-18,"27,870"
2022-07-19,"27,645"
2022-07-20,"28,030"
2022-07-21,"28,415"
2022-07-22,"28,070"
2022-07-25,"27,950"
2022-07-26,"28,115"
2022-07-27,"28,135"
2022-07-28,"28,145"
2022-07-29,"28,345"
2022-08-01,"28,210"
2022-08-02,"27,815"
2022-08-03,"27,855"
2022-08-04,"28,040"
2022-08-05,"28,180"
2022-08-08,"27,835"
2022-08-09,"27,410"
2022-08-10,"26,455"
2022-08-11,"27,110"
2022-08-12,"27,545"
2022-08-16,"28,160"
2022-08-17,"27,935"
2022-08-18,"28,080"
2022-08-19,"27,825"
2022-08-22,"27,100"
2022-08-23,"26,715"
2022-08-24,"26,730"
2022-08-25,"27,335"
2022-08-26,"27,570"
2022-08-29,"26,475"
2022-08-30,"27,025"
2022-08-31,"27,550"
2022-09-01,"26,830"
2022-09-02,"26,480"
2022-09-05,"26,115"
2022-09-06,"26,250"
2022-09-07,"25,780"
2022-09-08,"25,670"
2022-09-13,"26,535"
2022-09-14,"25,940"
2022-09-15,"25,870"
2022-09-16,"25,570"
2022-09-19,"25,380"
2022-09-20,"25,300"
2022-09-21,"25,030"
2022-09-22,"24,605"
2022-09-23,"23,990"
2022-09-26,"22,990"
2022-09-27,"22,970"
2022-09-28,"22,420"
2022-09-29,"22,030"
2022-09-30,"22,170"
2022-10-04,"23,500"
2022-10-05,"23,525"
2022-10-06,"24,320"
2022-10-07,"24,265"
2022-10-11,"23,590"
2022-10-12,"24,010"
2022-10-13,"23,630"
2022-10-14,"24,305"
2022-10-17,"24,235"
2022-10-18,"24,375"
2022-10-19,"23,830"
2022-10-20,"23,390"
2022-10-21,"23,370"
2022-10-24,"24,055"
2022-10-25,"24,510"
2022-10-26,"24,450"
2022-10-27,"24,255"
2022-10-28,"23,110"
2022-10-31,"23,425"
2022-11-01,"23,525"
2022-11-02,"23,375"
2022-11-03,"23,195"
2022-11-04,"23,065"
2022-11-07,"23,800"
2022-11-08,"24,415"
2022-11-09,"24,630"
2022-11-10,"24,340"
2022-11-11,"25,720"
2022-11-13,"25,720"
2022-11-14,"25,230"
2022-11-15,"26,005"
2022-11-16,"26,200"
2022-11-17,"25,685"
2022-11-18,"25,625"
2022-11-21,"25,010"
2022-11-22,"24,565"
2022-11-23,"24,990"
2022-11-24,"25,375"
2022-11-25,"25,020"
2022-11-28,"24,510"
2022-11-29,"24,700"
2022-11-30,"24,770"
2022-12-01,"25,085"
2022-12-02,"24,550"
2022-12-05,"24,490"
2022-12-06,"24,035"
2022-12-07,"23,690"
2022-12-08,"23,605"
2022-12-09,"24,060"
2022-12-12,"23,660"
2022-12-13,"23,800"
2022-12-14,"24,200"
2022-12-15,"23,855"
2022-12-16,"23,390"
2022-12-18,"23,390"
2022-12-19,"23,475"
2022-12-20,"23,100"
2022-12-21,"23,040"
2022-12-22,"23,480"
2022-12-23,"22,750"
2022-12-26,"22,995"
2022-12-27,"23,170"
2022-12-28,"22,735"
2022-12-29,"22,150"
2023-01-02,"21,870"
2023-01-03,"22,040"
2023-01-04,"23,165"
2023-01-05,"23,000"
2023-01-06,"23,655"
2023-01-09,"24,040"
2023-01-10,"24,115"
2023-01-11,"24,350"
2023-01-12,"24,345"
2023-01-13,"24,210"
2023-01-16,"24,280"
2023-01-17,"24,155"
2023-01-18,"24,150"
2023-01-19,"24,260"
2023-01-20,"24,410"
2023-01-25,"25,355"
2023-01-26,"25,540"
2023-01-27,"25,480"
2023-01-30,"25,335"
2023-01-31,"25,085"
2023-02-01,"25,420"
2023-02-02,"25,895"
2023-02-03,"25,630"
2023-02-06,"25,230"
2023-02-07,"25,840"
2023-02-08,"26,460"
2023-02-09,"26,530"
2023-02-10,"26,195"
2023-02-13,"25,945"
2023-02-14,"26,525"
2023-02-15,"26,115"
2023-02-16,"26,790"
2023-02-17,"26,265"
2023-02-20,"26,550"
2023-02-21,"26,300"
2023-02-22,"25,605"
2023-02-23,"26,200"
2023-02-24,"26,050"
2023-02-27,"25,730"
2023-02-28,"25,790"
2023-03-02,"25,665"
2023-03-03,"25,740"
2023-03-06,"26,265"
2023-03-07,"26,085"
2023-03-08,"25,810"
2023-03-09,"25,675"
2023-03-10,"24,825"
2023-03-13,"24,925"
2023-03-14,"23,845"
2023-03-15,"23,845"
2023-03-16,"24,340"
2023-03-17,"25,660"
2023-03-20,"25,745"
2023-03-21,"25,465"
2023-03-22,"25,980"
2023-03-23,"26,095"
2023-03-24,"27,230"
2023-03-27,"27,220"
2023-03-28,"28,100"
2023-03-29,"28,360"
2023-03-30,"28,950"
2023-03-31,"29,130"
2023-04-02,"29,130"
2023-04-03,"28,895"
2023-04-04,"28,230"
2023-04-05,"28,265"
2023-04-06,"27,700"
2023-04-07,"28,940"
2023-04-10,"28,835"
2023-04-11,"29,440"
2023-04-12,"29,190"
2023-04-13,"28,820"
2023-04-14,"28,740"
2023-04-17,"28,600"
2023-04-18,"28,175"
2023-04-19,"28,250"
2023-04-20,"27,700"
2023-04-21,"28,180"
2023-04-23,"28,180"
2023-04-24,"27,525"
2023-04-25,"27,135"
2023-04-26,"27,445"
2023-04-27,"27,550"
2023-04-28,"27,510"
2023-05-02,"27,555"
2023-05-03,"27,945"
2023-05-04,"27,470"
2023-05-08,"27,595"
2023-05-09,"27,245"
2023-05-10,"27,055"
2023-05-11,"26,810"
2023-05-12,"26,985"
2023-05-15,"26,575"
2023-05-16,"26,895"
2023-05-17,"27,370"
2023-05-18,"27,965"
2023-05-19,"29,400"
2023-05-21,"29,400"
2023-05-22,"29,365"
2023-05-23,"29,275"
2023-05-24,"29,125"
2023-05-25,"29,600"
2023-05-26,"30,165"
2023-05-30,"30,735"
2023-05-31,"30,545"
2023-06-01,"30,780"
2023-06-02,"30,615"
2023-06-04,"30,615"
2023-06-05,"30,280"
2023-06-07,"30,480"
2023-06-08,"30,620"
2023-06-09,"31,530"
2023-06-12,"31,330"
2023-06-13,"32,125"
2023-06-14,"31,685"
2023-06-15,"32,460"
2023-06-16,"32,470"
2023-06-18,"32,470"
2023-06-19,"32,105"
2023-06-20,"32,425"
2023-06-21,"31,755"
2023-06-22,"31,590"
2023-06-23,"31,650"
2023-06-25,"31,650"
2023-06-26,"32,110"
2023-06-27,"31,945"
2023-06-28,"32,225"
2023-06-29,"32,550"
2023-06-30,"32,270"
2023-07-03,"32,905"
2023-07-04,"33,015"
2023-07-05,"32,735"
2023-07-06,"31,610"
2023-07-07,"31,100"
2023-07-10,"30,510"
2023-07-11,"31,400"
2023-07-12,"32,140"
2023-07-13,"32,745"
2023-07-14,"33,915"
2023-07-17,"34,305"
2023-07-18,"34,385"
2023-07-19,"33,975"
2023-07-20,"34,280"
2023-07-21,"33,525"
2023-07-24,"33,285"
2023-07-25,"33,330"
2023-07-26,"32,440"
2023-07-27,"34,630"
2023-07-28,"35,235"
2023-07-31,"35,080"
2023-08-01,"35,450"
2023-08-02,"33,865"
2023-08-03,"34,105"
2023-08-04,"33,950"
2023-08-07,"33,930"
2023-08-08,"33,200"
2023-08-09,"33,305"
2023-08-10,"32,780"
2023-08-11,"32,695"
2023-08-14,"32,190"
2023-08-16,"32,385"
2023-08-17,"32,580"
2023-08-18,"33,280"
2023-08-21,"33,220"
2023-08-22,"32,710"
2023-08-23,"32,720"
2023-08-24,"33,525"
2023-08-25,"32,415"
2023-08-28,"32,420"
2023-08-29,"32,905"
2023-08-30,"33,490"
2023-08-31,"33,785"
2023-09-01,"34,510"
2023-09-04,"34,385"
2023-09-05,"34,395"
2023-09-06,"33,880"
2023-09-07,"33,885"
2023-09-08,"32,950"
2023-09-10,"32,950"
2023-09-11,"32,600"
2023-09-12,"32,750"
2023-09-13,"32,540"
2023-09-14,"33,610"
2023-09-15,"33,595"
2023-09-18,"32,535"
2023-09-19,"32,195"
2023-09-20,"31,945"
2023-09-21,"31,145"
2023-09-22,"31,450"
2023-09-25,"31,340"
2023-09-26,"30,925"
2023-09-27,"31,195"
2023-10-04,"30,830"
2023-10-05,"31,100"
2023-10-06,"31,315"
2023-10-10,"30,845"
2023-10-11,"31,650"
2023-10-12,"32,425"
2023-10-13,"32,425"
2023-10-16,"32,015"
2023-10-17,"33,050"
2023-10-18,"32,995"
2023-10-19,"32,015"
2023-10-20,"31,580"
2023-10-22,"31,580"
2023-10-23,"31,240"
2023-10-24,"32,170"
2023-10-25,"32,250"
2023-10-26,"31,000"
2023-10-27,"30,700"
2023-10-29,"30,700"
2023-10-30,"30,695"
2023-10-31,"29,620"
2023-11-01,"30,220"
2023-11-02,"31,990"
2023-11-03,"32,050"
2023-11-06,"33,430"
2023-11-07,"33,430"
2023-11-08,"33,000"
2023-11-09,"33,140"
2023-11-10,"33,500"
2023-11-12,"33,500"
2023-11-13,"32,920"
2023-11-14,"33,165"
2023-11-15,"33,925"
2023-11-16,"34,170"
2023-11-17,"34,075"
2023-11-20,"34,240"
2023-11-21,"34,205"
2023-11-22,"34,350"
2023-11-23,"33,785"
2023-11-24,"33,705"
2023-11-27,"34,200"
2023-11-28,"34,630"
2023-11-29,"34,535"
2023-11-30,"35,000"
2023-12-01,"34,800"
2023-12-04,"34,300"
2023-12-05,"33,210"
2023-12-06,"33,580"
2023-12-07,"33,400"
2023-12-08,"34,045"
2023-12-11,"34,160"
2023-12-12,"34,720"
2023-12-13,"34,720"
2023-12-14,"35,315"
2023-12-15,"35,115"
2023-12-18,"35,370"
2023-12-19,"35,340"
2023-12-20,"35,560"
2023-12-21,"35,560"
2023-12-22,"35,670"
2023-12-26,"35,645"
2023-12-27,"36,215"
2023-12-28,"36,275"
2024-01-02,"36,840"
2024-01-03,"35,915"
2024-01-04,"35,815"
2024-01-05,"35,755"
2024-01-07,"35,755"
2024-01-08,"35,685"
2024-01-09,"35,575"
2024-01-10,"35,070"
2024-01-11,"35,270"
2024-01-12,"34,710"
2024-01-14,"34,710"
2024-01-15,"34,430"
2024-01-16,"33,945"
2024-01-17,"33,655"
2024-01-18,"34,455"
2024-01-19,"35,635"
2024-01-22,"36,400"
2024-01-23,"36,230"
2024-01-24,"36,160"
2024-01-25,"35,985"
2024-01-26,"35,435"
2024-01-29,"35,180"
2024-01-30,"35,105"
2024-01-31,"34,275"
2024-02-01,"33,805"
2024-02-02,"34,605"
2024-02-05,"33,935"
2024-02-06,"34,570"
2024-02-07,"34,290"
2024-02-08,"35,340"
2024-02-13,"36,640"
2024-02-14,"36,720"
2024-02-15,"36,565"
2024-02-16,"36,095"
2024-02-19,"36,255"
2024-02-20,"36,230"
2024-02-21,"36,170"
2024-02-22,"37,010"
2024-02-23,"36,995"
2024-02-26,"36,975"
2024-02-27,"36,450"
2024-02-28,"37,305"
2024-02-29,"37,080"
2024-03-04,"38,685"
2024-03-05,"38,400"
2024-03-06,"38,600"
2024-03-07,"38,335"
2024-03-08,"39,095"
2024-03-11,"38,540"
2024-03-12,"38,880"
2024-03-13,"38,730"
2024-03-14,"38,250"
2024-03-15,"38,085"
2024-03-17,"38,085"
2024-03-18,"38,520"
2024-03-19,"37,995"
2024-03-20,"38,375"
2024-03-21,"39,700"
2024-03-22,"39,470"
2024-03-25,"39,320"
2024-03-26,"40,190"
2024-03-27,"40,875"
2024-03-28,"41,815"
2024-03-29,"42,400"
2024-04-01,"42,845"
2024-04-02,"43,400"
2024-04-03,"42,465"
2024-04-04,"43,620"
2024-04-05,"42,940"
2024-04-08,"42,185"
2024-04-09,"42,260"
2024-04-11,"42,940"
2024-04-12,"43,210"
2024-04-15,"43,255"
2024-04-16,"41,580"
2024-04-17,"41,510"
2024-04-18,"42,400"
2024-04-19,"40,860"
2024-04-22,"39,770"
2024-04-23,"39,460"
2024-04-24,"41,200"
2024-04-25,"40,130"
2024-04-26,"40,820"
2024-04-29,"40,835"
2024-04-30,"40,600"
2024-05-02,"40,720"
2024-05-03,"40,495"
2024-05-07,"41,835"
2024-05-08,"41,995"
2024-05-09,"41,455"
2024-05-10,"40,900"
2024-05-13,"40,930"
2024-05-14,"41,180"
2024-05-16,"41,900"
2024-05-17,"41,350"
2024-05-20,"41,520"
2024-05-21,"41,775"
2024-05-22,"42,075"
2024-05-23,"42,325"
2024-05-24,"41,360"
2024-05-27,"42,140"
2024-05-28,"42,840"
2024-05-29,"42,505"
2024-05-30,"41,770"
2024-05-31,"41,150"
2024-06-03,"41,290"
2024-06-04,"41,035"
2024-06-05,"41,595"
2024-06-07,"42,565"
2024-06-10,"42,545"
2024-06-11,"42,505"
2024-06-12,"43,365"
2024-06-13,"44,200"
2024-06-14,"44,015"
2024-06-17,"43,980"
2024-06-18,"44,890"
2024-06-19,"44,960"
2024-06-20,"45,330"
2024-06-21,"44,545"
2024-06-24,"43,700"
2024-06-25,"43,665"
2024-06-26,"44,750"
2024-06-27,"44,440"
2024-06-28,"44,715"
2024-07-01,"44,645"
2024-07-02,"43,950"
2024-07-03,"43,780"
2024-07-04,"44,220"
2024-07-05,"44,770"
2024-07-08,"44,780"
2024-07-09,"45,255"
2024-07-10,"45,000"
2024-07-11,"45,200"
2024-07-12,"44,180"
2024-07-15,"44,315"
2024-07-16,"44,900"
2024-07-17,"42,980"
2024-07-18,"42,220"
2024-07-19,"41,765"
2024-07-22,"40,470"
2024-07-23,"40,340"
2024-07-24,"40,375"
2024-07-25,"38,410"
2024-07-26,"38,675"
2024-07-29,"38,835"
2024-07-30,"37,850"
2024-07-31,"39,100"
2024-08-01,"38,980"
2024-08-02,"35,940"
2024-08-05,"31,850"
2024-08-06,"33,360"
2024-08-07,"34,035"
2024-08-08,"33,535"
2024-08-09,"34,500"
2024-08-12,"35,390"
2024-08-13,"35,670"
2024-08-14,"36,610"
2024-08-16,"38,250"
2024-08-19,"37,320"
2024-08-20,"38,005"
2024-08-21,"37,470"
2024-08-22,"36,930"
2024-08-23,"36,430"
2024-08-26,"35,560"
2024-08-27,"35,110"
2024-08-28,"35,910"
2024-08-29,"34,350"
2024-08-30,"34,935"
2024-09-02,"34,575"
2024-09-03,"33,750"
2024-09-04,"31,705"
2024-09-05,"31,645"
2024-09-06,"30,985"
2024-09-09,"31,035"
2024-09-10,"30,620"
2024-09-11,"30,475"
2024-09-12,"32,120"
2024-09-13,"31,320"
2024-09-19,"30,595"
2024-09-20,"30,845"
2024-09-23,"31,345"
2024-09-24,"32,015"
2024-09-25,"32,000"
2024-09-26,"33,800"
2024-09-27,"33,630"
2024-09-30,"32,695"
2024-10-02,"32,325"
2024-10-04,"32,620"
2024-10-07,"33,570"
2024-10-08,"32,915"
2024-10-10,"32,960"
2024-10-11,"33,205"
2024-10-14,"33,805"
2024-10-15,"34,080"
2024-10-16,"33,145"
2024-10-17,"33,720"
2024-10-18,"32,390"
2024-10-21,"32,570"
2024-10-22,"31,740"
2024-10-23,"32,900"
2024-10-24,"32,320"
2024-10-25,"32,320"
2024-10-28,"32,530"
2024-10-29,"32,355"
2024-10-30,"32,360"
2024-10-31,"32,340"
2024-11-01,"32,005"
2024-11-04,"32,820"
2024-11-05,"32,510"
2024-11-06,"32,160"
2024-11-07,"32,105"
2024-11-08,"32,175"
2024-11-11,"30,680"
2024-11-12,"29,510"
2024-11-13,"28,725"
2024-11-14,"28,015"
2024-11-15,"29,010"
2024-11-18,"28,600"
2024-11-19,"28,535"
2024-11-20,"28,455"
2024-11-21,"28,485"
2024-11-22,"28,970"
2024-11-25,"29,455"
2024-11-26,"29,385"
2024-11-27,"28,290"
2024-11-28,"27,835"
2024-11-29,"27,330"
2024-12-02,"26,865"
2024-12-03,"27,450"
2024-12-04,"27,345"
2024-12-05,"28,065"
2024-12-06,"27,560"
2024-12-09,"26,695"
2024-12-10,"27,145"
2024-12-11,"27,865"
2024-12-12,"28,750"
2024-12-13,"28,795"
2024-12-16,"29,070"
2024-12-17,"29,565"
2024-12-18,"29,860"
2024-12-19,"28,925"
2024-12-20,"28,145"
2024-12-23,"28,930"
2024-12-24,"28,945"
2024-12-26,"28,630"
2024-12-27,"28,925"
2024-12-30,"28,935"
2025-01-02,"29,110"
2025-01-03,"30,500"
2025-01-06,"32,100"
2025-01-07,"31,715"
2025-01-08,"32,835"
2025-01-09,"33,015"
2025-01-10,"32,820"
2025-01-13,"31,775"
2025-01-14,"31,925"
2025-01-15,"32,050"
2025-01-16,"32,760"
2025-01-17,"33,525"
2025-01-20,"33,360"
2025-01-21,"34,045"
2025-01-22,"35,025"
2025-01-23,"34,275"
2025-01-24,"34,405"
2025-01-31,"32,495"
2025-02-03,"30,835"
2025-02-04,"31,150"
2025-02-05,"31,840"
2025-02-06,"32,790"
2025-02-07,"33,270"
2025-02-10,"33,730"
2025-02-11,"33,755"
2025-02-12,"33,620"
2025-02-13,"34,170"
2025-02-14,"34,505"
2025-02-17,"34,850"
2025-02-18,"34,995"
2025-02-19,"36,205"
2025-02-20,"35,465"
2025-02-21,"35,390"
2025-02-24,"34,610"
2025-02-25,"34,290"
2025-02-26,"34,220"
2025-02-27,"33,630"
2025-02-28,"32,205"
2025-03-04,"31,820"
2025-03-05,"32,135"
2025-03-06,"31,385"
2025-03-07,"31,520"
2025-03-10,"31,410"
2025-03-11,"31,250"
2025-03-12,"32,635"
2025-03-13,"32,325"
2025-03-14,"33,130"
2025-03-17,"33,805"
2025-03-18,"33,545"
2025-03-19,"33,930"
2025-03-20,"34,455"
2025-03-21,"34,980"
2025-03-24,"34,555"
2025-03-25,"33,545"
2025-03-26,"34,030"
2025-03-27,"33,355"
2025-03-28,"32,345"
2025-03-31,"30,900"
2025-04-01,"31,600"
2025-04-02,"31,460"
2025-04-03,"30,890"
2025-04-04,"29,800"
2025-04-07,"27,605"
2025-04-08,"27,880"
2025-04-09,"27,335"
2025-04-10,"29,240"
2025-04-11,"29,355"
